2026-09-01 21:27:00 INFO  FCA_Test_Class:16 - User Landed to FCA Certified Home Page
2026-09-01 21:27:03 INFO  FCA_Test_Class:16 - User Landed to FCA Certified Home Page
2026-09-01 21:27:08 INFO  FCA_Test_Class:16 - User Landed to FCA Certified Home Page
2026-09-01 21:27:25 INFO  FCA_Test_Class:23 - Redirected to SNI Page
2026-09-01 21:27:27 INFO  FCA_Test_Class:23 - Redirected to SNI Page
2026-09-01 21:27:42 INFO  FCA_Test_Class:62 - Redirected to VDP Page
2026-09-01 21:27:44 INFO  FCA_Test_Class:62 - Redirected to VDP Page
2026-09-01 21:28:04 INFO  FCA_Test_Class:80 - User Reached till DRS TAB
2026-09-01 21:28:05 INFO  FCA_Test_Class:80 - User Reached till DRS TAB
2026-09-01 22:48:39 INFO  FCA_Test_Class:16 - User Landed to FCA Certified Home Page
2026-09-01 22:48:42 INFO  FCA_Test_Class:16 - User Landed to FCA Certified Home Page
2026-09-01 22:49:00 INFO  FCA_Test_Class:23 - Redirected to SNI Page
2026-09-01 22:49:00 INFO  FCA_Test_Class:23 - Redirected to SNI Page
2026-09-01 22:49:18 INFO  FCA_Test_Class:62 - Redirected to VDP Page
2026-09-01 22:49:18 INFO  FCA_Test_Class:62 - Redirected to VDP Page
2026-09-01 22:49:53 INFO  FCA_Test_Class:80 - User Reached till DRS TAB
2026-09-01 22:49:53 INFO  FCA_Test_Class:80 - User Reached till DRS TAB
2026-09-01 23:00:24 INFO  FCA_Test_Class:16 - User Landed to FCA Certified Home Page
2026-09-01 23:00:24 INFO  FCA_Test_Class:16 - User Landed to FCA Certified Home Page
2026-09-01 23:00:38 INFO  FCA_Test_Class:23 - Redirected to SNI Page
2026-09-01 23:00:38 INFO  FCA_Test_Class:23 - Redirected to SNI Page
2026-09-01 23:00:54 INFO  FCA_Test_Class:62 - Redirected to VDP Page
2026-09-01 23:00:54 INFO  FCA_Test_Class:62 - Redirected to VDP Page
2026-09-01 23:01:18 INFO  FCA_Test_Class:80 - User Reached till DRS TAB
2026-09-01 23:01:19 INFO  FCA_Test_Class:80 - User Reached till DRS TAB
2026-09-02 15:03:49 INFO  FCA_Test_Class:16 - User Landed to FCA Certified Home Page
2026-09-02 15:03:52 INFO  FCA_Test_Class:16 - User Landed to FCA Certified Home Page
2026-09-02 15:03:57 INFO  FCA_Test_Class:23 - Redirected to SNI Page
2026-09-02 15:03:59 INFO  FCA_Test_Class:23 - Redirected to SNI Page
2026-09-02 15:07:08 INFO  FCA_Test_Class:16 - User Landed to FCA Certified Home Page
2026-09-02 15:07:08 INFO  FCA_Test_Class:16 - User Landed to FCA Certified Home Page
2026-09-02 15:07:16 INFO  FCA_Test_Class:23 - Redirected to SNI Page
2026-09-02 15:07:17 INFO  FCA_Test_Class:23 - Redirected to SNI Page
2026-09-02 15:07:33 INFO  FCA_Test_Class:62 - Redirected to VDP Page
2026-09-02 15:07:54 INFO  FCA_Test_Class:80 - User Reached till DRS TAB
2026-09-02 16:36:53 INFO  FCA_Test_Class:16 - User Landed to FCA Certified Home Page
2026-09-02 16:36:54 INFO  FCA_Test_Class:16 - User Landed to FCA Certified Home Page
2026-09-02 16:37:00 INFO  FCA_Test_Class:23 - Redirected to SNI Page
2026-09-02 16:37:01 INFO  FCA_Test_Class:23 - Redirected to SNI Page
2026-09-02 16:37:16 INFO  FCA_Test_Class:62 - Redirected to VDP Page
2026-09-02 16:37:37 INFO  FCA_Test_Class:80 - User Reached till DRS TAB
2026-09-02 16:38:54 INFO  FCA_Test_Class:16 - User Landed to FCA Certified Home Page
2026-09-02 16:38:54 INFO  FCA_Test_Class:16 - User Landed to FCA Certified Home Page
2026-09-02 16:39:00 INFO  FCA_Test_Class:23 - Redirected to SNI Page
2026-09-02 16:39:02 INFO  FCA_Test_Class:23 - Redirected to SNI Page
2026-09-02 16:39:18 INFO  FCA_Test_Class:62 - Redirected to VDP Page
2026-09-02 16:39:18 INFO  FCA_Test_Class:62 - Redirected to VDP Page
2026-09-02 16:39:41 INFO  FCA_Test_Class:80 - User Reached till DRS TAB
2026-09-02 16:39:41 INFO  FCA_Test_Class:80 - User Reached till DRS TAB
2026-09-02 17:11:17 INFO  FCA_Test_Class:16 - User Landed to FCA Certified Home Page
2026-09-02 17:11:17 INFO  FCA_Test_Class:16 - User Landed to FCA Certified Home Page
2026-09-02 17:11:23 INFO  FCA_Test_Class:23 - Redirected to SNI Page
2026-09-02 17:11:24 INFO  FCA_Test_Class:23 - Redirected to SNI Page
2026-09-02 17:11:37 INFO  FCA_Test_Class:62 - Redirected to VDP Page
2026-09-02 17:11:56 INFO  FCA_Test_Class:80 - User Reached till DRS TAB
2026-09-02 17:13:18 INFO  FCA_Test_Class:16 - User Landed to FCA Certified Home Page
2026-09-02 17:13:18 INFO  FCA_Test_Class:16 - User Landed to FCA Certified Home Page
2026-09-02 17:13:24 INFO  FCA_Test_Class:23 - Redirected to SNI Page
2026-09-02 17:13:25 INFO  FCA_Test_Class:23 - Redirected to SNI Page
2026-09-02 17:13:38 INFO  FCA_Test_Class:62 - Redirected to VDP Page
2026-09-02 17:13:38 INFO  FCA_Test_Class:62 - Redirected to VDP Page
2026-09-02 17:13:57 INFO  FCA_Test_Class:80 - User Reached till DRS TAB
2026-09-02 17:13:58 INFO  FCA_Test_Class:80 - User Reached till DRS TAB
2026-09-03 11:36:41 INFO  FCA_Test_Class:16 - User Landed to FCA Certified Home Page
2026-09-03 11:36:41 INFO  FCA_Test_Class:16 - User Landed to FCA Certified Home Page
2026-09-03 11:36:48 INFO  FCA_Test_Class:23 - Redirected to SNI Page
2026-09-03 11:36:48 INFO  FCA_Test_Class:23 - Redirected to SNI Page
2026-09-03 11:37:37 INFO  FCA_Test_Class:16 - User Landed to FCA Certified Home Page
2026-09-03 11:37:37 INFO  FCA_Test_Class:16 - User Landed to FCA Certified Home Page
2026-09-03 11:37:43 INFO  FCA_Test_Class:23 - Redirected to SNI Page
2026-09-03 11:37:43 INFO  FCA_Test_Class:23 - Redirected to SNI Page
2026-09-03 11:38:50 INFO  FCA_Test_Class:16 - User Landed to FCA Certified Home Page
2026-09-03 11:38:50 INFO  FCA_Test_Class:16 - User Landed to FCA Certified Home Page
2026-09-03 11:38:58 INFO  FCA_Test_Class:23 - Redirected to SNI Page
2026-09-03 11:38:58 INFO  FCA_Test_Class:23 - Redirected to SNI Page
2026-09-03 11:39:16 INFO  FCA_Test_Class:62 - Redirected to VDP Page
2026-09-03 11:39:52 INFO  FCA_Test_Class:80 - User Reached till DRS TAB
2026-09-03 12:50:48 INFO  FCA_Test_Class:16 - User Landed to FCA Certified Home Page
2026-09-03 12:50:48 INFO  FCA_Test_Class:16 - User Landed to FCA Certified Home Page
2026-09-03 12:50:55 INFO  FCA_Test_Class:23 - Redirected to SNI Page
2026-09-03 12:50:55 INFO  FCA_Test_Class:23 - Redirected to SNI Page
2026-09-03 12:52:00 INFO  FCA_Test_Class:16 - User Landed to FCA Certified Home Page
2026-09-03 12:52:01 INFO  FCA_Test_Class:16 - User Landed to FCA Certified Home Page
2026-09-03 12:52:06 INFO  FCA_Test_Class:23 - Redirected to SNI Page
2026-09-03 12:52:06 INFO  FCA_Test_Class:23 - Redirected to SNI Page
2026-09-03 12:52:19 INFO  FCA_Test_Class:62 - Redirected to VDP Page
2026-09-03 12:52:40 INFO  FCA_Test_Class:80 - User Reached till DRS TAB
2026-09-03 15:18:20 INFO  FCA_Test_Class:16 - User Landed to FCA Certified Home Page
2026-09-03 15:18:24 INFO  FCA_Test_Class:16 - User Landed to FCA Certified Home Page
2026-09-03 15:18:28 INFO  FCA_Test_Class:23 - Redirected to SNI Page
2026-09-03 15:18:37 INFO  FCA_Test_Class:23 - Redirected to SNI Page
2026-09-03 15:18:50 INFO  FCA_Test_Class:62 - Redirected to VDP Page
2026-09-03 15:19:11 INFO  FCA_Test_Class:80 - User Reached till DRS TAB
2026-09-03 15:20:28 INFO  FCA_Test_Class:16 - User Landed to FCA Certified Home Page
2026-09-03 15:20:35 INFO  FCA_Test_Class:23 - Redirected to SNI Page
2026-09-03 15:20:48 INFO  FCA_Test_Class:62 - Redirected to VDP Page
2026-09-03 15:21:08 INFO  FCA_Test_Class:80 - User Reached till DRS TAB
2026-09-03 15:32:43 INFO  FCA_Test_Class:16 - User Landed to FCA Certified Home Page
2026-09-03 15:32:50 INFO  FCA_Test_Class:23 - Redirected to SNI Page
2026-09-03 15:33:02 INFO  FCA_Test_Class:62 - Redirected to VDP Page
2026-09-03 15:33:22 INFO  FCA_Test_Class:80 - User Reached till DRS TAB
2026-09-03 15:35:05 INFO  FCA_Test_Class:16 - User Landed to FCA Certified Home Page
2026-09-03 15:35:12 INFO  FCA_Test_Class:23 - Redirected to SNI Page
2026-09-03 15:35:24 INFO  FCA_Test_Class:62 - Redirected to VDP Page
2026-09-03 15:35:45 INFO  FCA_Test_Class:80 - User Reached till DRS TAB
2026-09-03 15:37:17 INFO  FCA_Test_Class:16 - User Landed to FCA Certified Home Page
2026-09-03 15:37:23 INFO  FCA_Test_Class:23 - Redirected to SNI Page
2026-09-03 15:37:35 INFO  FCA_Test_Class:62 - Redirected to VDP Page
2026-09-03 15:37:55 INFO  FCA_Test_Class:80 - User Reached till DRS TAB
2026-09-03 17:27:31 INFO  FCA_Test_Class:16 - User Landed to FCA Certified Home Page
2026-09-03 17:27:43 INFO  FCA_Test_Class:23 - Redirected to SNI Page
2026-09-03 17:27:57 INFO  FCA_Test_Class:62 - Redirected to VDP Page
2026-09-03 17:28:22 INFO  FCA_Test_Class:80 - User Reached till DRS TAB
2026-09-03 17:38:45 INFO  FCA_Test_Class:16 - User Landed to FCA Certified Home Page
2026-09-03 17:38:53 INFO  FCA_Test_Class:23 - Redirected to SNI Page
2026-09-03 17:39:07 INFO  FCA_Test_Class:62 - Redirected to VDP Page
2026-09-03 17:39:29 INFO  FCA_Test_Class:80 - User Reached till DRS TAB
2026-09-03 17:40:40 INFO  FCA_Test_Class:16 - User Landed to FCA Certified Home Page
2026-09-03 17:40:48 INFO  FCA_Test_Class:23 - Redirected to SNI Page
2026-09-03 17:41:03 INFO  FCA_Test_Class:62 - Redirected to VDP Page
2026-09-03 17:41:23 INFO  FCA_Test_Class:80 - User Reached till DRS TAB
2026-09-03 17:42:43 INFO  FCA_Test_Class:16 - User Landed to FCA Certified Home Page
2026-09-03 17:42:53 INFO  FCA_Test_Class:23 - Redirected to SNI Page
2026-09-03 17:43:07 INFO  FCA_Test_Class:62 - Redirected to VDP Page
2026-09-03 17:43:28 INFO  FCA_Test_Class:80 - User Reached till DRS TAB
2026-09-04 17:13:59 INFO  FCA_Test_Class:16 - User Landed to FCA Certified Home Page
2026-09-04 17:14:14 INFO  FCA_Test_Class:23 - Redirected to SNI Page
2026-09-04 17:14:28 INFO  FCA_Test_Class:62 - Redirected to VDP Page
2026-09-04 17:14:49 INFO  FCA_Test_Class:80 - User Reached till DRS TAB
2026-09-04 17:16:31 INFO  FCA_Test_Class:16 - User Landed to FCA Certified Home Page
2026-09-04 17:16:41 INFO  FCA_Test_Class:23 - Redirected to SNI Page
2026-09-04 17:16:56 INFO  FCA_Test_Class:62 - Redirected to VDP Page
2026-09-04 17:17:16 INFO  FCA_Test_Class:80 - User Reached till DRS TAB
2026-09-04 17:18:34 INFO  FCA_Test_Class:16 - User Landed to FCA Certified Home Page
2026-09-04 17:18:44 INFO  FCA_Test_Class:23 - Redirected to SNI Page
2026-09-04 17:18:58 INFO  FCA_Test_Class:62 - Redirected to VDP Page
2026-09-04 17:19:36 INFO  FCA_Test_Class:80 - User Reached till DRS TAB
2026-09-04 17:21:01 INFO  FCA_Test_Class:16 - User Landed to FCA Certified Home Page
2026-09-04 17:21:10 INFO  FCA_Test_Class:23 - Redirected to SNI Page
2026-09-04 17:21:23 INFO  FCA_Test_Class:62 - Redirected to VDP Page
2026-09-04 17:21:58 INFO  FCA_Test_Class:80 - User Reached till DRS TAB
2026-09-04 17:53:33 INFO  FCA_Test_Class:16 - User Landed to FCA Certified Home Page
2026-09-04 17:53:44 INFO  FCA_Test_Class:23 - Redirected to SNI Page
2026-09-04 17:56:22 INFO  FCA_Test_Class:16 - User Landed to FCA Certified Home Page
2026-09-04 17:56:29 INFO  FCA_Test_Class:23 - Redirected to SNI Page
2026-09-04 18:08:36 INFO  FCA_Test_Class:16 - User Landed to FCA Certified Home Page
2026-09-04 18:08:45 INFO  FCA_Test_Class:23 - Redirected to SNI Page
2026-09-04 18:08:59 INFO  FCA_Test_Class:62 - Redirected to VDP Page
2026-09-04 18:09:20 INFO  FCA_Test_Class:80 - User Reached till DRS TAB
2026-09-05 15:51:23 INFO  FCA_Test_Class:16 - User Landed to FCA Certified Home Page
2026-09-05 15:51:41 INFO  FCA_Test_Class:23 - Redirected to SNI Page
2026-09-05 15:53:23 INFO  FCA_Test_Class:16 - User Landed to FCA Certified Home Page
2026-09-05 15:53:38 INFO  FCA_Test_Class:23 - Redirected to SNI Page
2026-09-05 15:57:15 INFO  FCA_Test_Class:16 - User Landed to FCA Certified Home Page
2026-09-05 15:57:31 INFO  FCA_Test_Class:23 - Redirected to SNI Page
2026-09-05 15:57:44 INFO  FCA_Test_Class:62 - Redirected to VDP Page
2026-09-05 15:58:14 INFO  FCA_Test_Class:80 - User Reached till DRS TAB
2026-09-05 16:48:02 INFO  FCA_Test_Class:16 - User Landed to FCA Certified Home Page
2026-09-05 16:48:08 INFO  FCA_Test_Class:23 - Redirected to SNI Page
2026-09-05 16:48:20 INFO  FCA_Test_Class:62 - Redirected to VDP Page
2026-09-05 16:48:39 INFO  FCA_Test_Class:80 - User Reached till DRS TAB
2026-09-05 16:49:44 INFO  FCA_Test_Class:16 - User Landed to FCA Certified Home Page
2026-09-05 16:49:51 INFO  FCA_Test_Class:23 - Redirected to SNI Page
2026-09-05 16:50:04 INFO  FCA_Test_Class:62 - Redirected to VDP Page
2026-09-05 16:50:25 INFO  FCA_Test_Class:80 - User Reached till DRS TAB
2026-09-05 16:51:27 INFO  FCA_Test_Class:16 - User Landed to FCA Certified Home Page
2026-09-05 16:51:34 INFO  FCA_Test_Class:23 - Redirected to SNI Page
2026-09-05 16:51:46 INFO  FCA_Test_Class:62 - Redirected to VDP Page
2026-09-05 16:52:08 INFO  FCA_Test_Class:80 - User Reached till DRS TAB
2026-09-05 16:53:28 INFO  FCA_Test_Class:16 - User Landed to FCA Certified Home Page
2026-09-05 16:53:35 INFO  FCA_Test_Class:23 - Redirected to SNI Page
2026-09-05 16:53:47 INFO  FCA_Test_Class:62 - Redirected to VDP Page
2026-09-05 16:54:06 INFO  FCA_Test_Class:80 - User Reached till DRS TAB
2026-09-07 17:50:16 INFO  FCA_Test_Class:16 - User Landed to FCA Certified Home Page
2026-09-07 17:50:24 INFO  FCA_Test_Class:23 - Redirected to SNI Page
2026-09-07 17:50:36 INFO  FCA_Test_Class:62 - Redirected to VDP Page
2026-09-07 17:50:56 INFO  FCA_Test_Class:80 - User Reached till DRS TAB
2026-09-07 17:52:22 INFO  FCA_Test_Class:16 - User Landed to FCA Certified Home Page
2026-09-07 17:52:29 INFO  FCA_Test_Class:23 - Redirected to SNI Page
2026-09-07 17:53:56 INFO  FCA_Test_Class:16 - User Landed to FCA Certified Home Page
2026-09-07 17:54:02 INFO  FCA_Test_Class:23 - Redirected to SNI Page
2026-09-07 17:55:27 INFO  FCA_Test_Class:16 - User Landed to FCA Certified Home Page
2026-09-07 17:56:27 INFO  FCA_Test_Class:16 - User Landed to FCA Certified Home Page
2026-09-07 17:56:59 INFO  FCA_Test_Class:16 - User Landed to FCA Certified Home Page
2026-09-07 17:57:10 INFO  FCA_Test_Class:23 - Redirected to SNI Page
2026-09-07 17:57:22 INFO  FCA_Test_Class:62 - Redirected to VDP Page
2026-09-07 17:57:43 INFO  FCA_Test_Class:80 - User Reached till DRS TAB
2026-09-07 17:58:40 INFO  FCA_Test_Class:16 - User Landed to FCA Certified Home Page
2026-09-07 17:58:49 INFO  FCA_Test_Class:23 - Redirected to SNI Page
2026-09-07 17:59:02 INFO  FCA_Test_Class:62 - Redirected to VDP Page
2026-09-07 18:03:12 INFO  FCA_Test_Class:16 - User Landed to FCA Certified Home Page
2026-09-07 18:03:27 INFO  FCA_Test_Class:23 - Redirected to SNI Page
2026-09-07 18:04:06 INFO  FCA_Test_Class:16 - User Landed to FCA Certified Home Page
2026-09-07 18:04:13 INFO  FCA_Test_Class:23 - Redirected to SNI Page
2026-09-07 18:04:27 INFO  FCA_Test_Class:62 - Redirected to VDP Page
2026-09-07 18:04:57 INFO  FCA_Test_Class:80 - User Reached till DRS TAB
2026-09-08 18:06:17 INFO  FCA_Test_Class:16 - User Landed to FCA Certified Home Page
2026-09-08 18:06:24 INFO  FCA_Test_Class:23 - Redirected to SNI Page
2026-09-08 18:07:09 INFO  FCA_Test_Class:16 - User Landed to FCA Certified Home Page
2026-09-08 18:07:23 INFO  FCA_Test_Class:23 - Redirected to SNI Page
2026-09-08 18:07:37 INFO  FCA_Test_Class:62 - Redirected to VDP Page
2026-09-08 18:07:59 INFO  FCA_Test_Class:80 - User Reached till DRS TAB
2026-09-08 18:08:53 INFO  FCA_Test_Class:16 - User Landed to FCA Certified Home Page
2026-09-08 18:09:01 INFO  FCA_Test_Class:23 - Redirected to SNI Page
2026-09-08 18:09:15 INFO  FCA_Test_Class:62 - Redirected to VDP Page
2026-09-08 18:09:37 INFO  FCA_Test_Class:80 - User Reached till DRS TAB
2026-09-08 18:10:44 INFO  FCA_Test_Class:16 - User Landed to FCA Certified Home Page
2026-09-08 18:10:56 INFO  FCA_Test_Class:23 - Redirected to SNI Page
2026-09-08 18:11:09 INFO  FCA_Test_Class:62 - Redirected to VDP Page
2026-09-08 18:11:29 INFO  FCA_Test_Class:80 - User Reached till DRS TAB
2026-09-08 18:12:41 INFO  FCA_Test_Class:16 - User Landed to FCA Certified Home Page
2026-09-08 18:12:48 INFO  FCA_Test_Class:23 - Redirected to SNI Page
2026-09-08 18:14:13 INFO  FCA_Test_Class:16 - User Landed to FCA Certified Home Page
2026-09-08 18:14:19 INFO  FCA_Test_Class:23 - Redirected to SNI Page
2026-09-08 18:15:43 INFO  FCA_Test_Class:16 - User Landed to FCA Certified Home Page
2026-09-08 18:15:49 INFO  FCA_Test_Class:23 - Redirected to SNI Page
2026-09-08 18:16:03 INFO  FCA_Test_Class:62 - Redirected to VDP Page
2026-09-08 18:16:23 INFO  FCA_Test_Class:80 - User Reached till DRS TAB
2026-09-09 16:53:56 INFO  FCA_Test_Class:16 - User Landed to FCA Certified Home Page
2026-09-09 16:54:03 INFO  FCA_Test_Class:23 - Redirected to SNI Page
2026-09-09 16:54:15 INFO  FCA_Test_Class:62 - Redirected to VDP Page
2026-09-09 16:54:35 INFO  FCA_Test_Class:80 - User Reached till DRS TAB
2026-09-09 16:58:06 INFO  FCA_Test_Class:16 - User Landed to FCA Certified Home Page
2026-09-09 16:58:13 INFO  FCA_Test_Class:23 - Redirected to SNI Page
2026-09-09 17:01:09 INFO  FCA_Test_Class:16 - User Landed to FCA Certified Home Page
2026-09-09 17:01:16 INFO  FCA_Test_Class:23 - Redirected to SNI Page
2026-09-09 17:01:29 INFO  FCA_Test_Class:62 - Redirected to VDP Page
2026-09-09 17:01:51 INFO  FCA_Test_Class:80 - User Reached till DRS TAB
2026-09-09 17:03:40 INFO  FCA_Test_Class:16 - User Landed to FCA Certified Home Page
2026-09-09 17:03:47 INFO  FCA_Test_Class:23 - Redirected to SNI Page
2026-09-09 17:03:59 INFO  FCA_Test_Class:62 - Redirected to VDP Page
2026-09-09 17:04:20 INFO  FCA_Test_Class:80 - User Reached till DRS TAB
2026-09-10 14:13:04 INFO  FCA_Test_Class:16 - User Landed to FCA Certified Home Page
2026-09-10 14:13:12 INFO  FCA_Test_Class:23 - Redirected to SNI Page
2026-09-10 14:13:26 INFO  FCA_Test_Class:62 - Redirected to VDP Page
2026-09-10 14:13:53 INFO  FCA_Test_Class:80 - User Reached till DRS TAB
2026-09-10 14:58:00 INFO  FCA_Test_Class:16 - User Landed to FCA Certified Home Page
2026-09-10 14:58:07 INFO  FCA_Test_Class:23 - Redirected to SNI Page
2026-09-10 14:58:19 INFO  FCA_Test_Class:62 - Redirected to VDP Page
2026-09-10 14:58:40 INFO  FCA_Test_Class:80 - User Reached till DRS TAB
2026-09-10 15:04:02 INFO  FCA_Test_Class:16 - User Landed to FCA Certified Home Page
2026-09-10 15:04:03 INFO  FCA_Test_Class:16 - User Landed to FCA Certified Home Page
2026-09-10 15:04:04 INFO  FCA_Test_Class:16 - User Landed to FCA Certified Home Page
2026-09-10 15:04:12 INFO  FCA_Test_Class:23 - Redirected to SNI Page
2026-09-10 15:04:13 INFO  FCA_Test_Class:23 - Redirected to SNI Page
2026-09-10 15:04:39 INFO  FCA_Test_Class:62 - Redirected to VDP Page
2026-09-10 15:04:39 INFO  FCA_Test_Class:62 - Redirected to VDP Page
2026-09-10 15:05:01 INFO  FCA_Test_Class:80 - User Reached till DRS TAB
2026-09-10 15:05:01 INFO  FCA_Test_Class:80 - User Reached till DRS TAB
2026-09-10 15:12:52 INFO  FCA_Test_Class:16 - User Landed to FCA Certified Home Page
2026-09-10 15:12:53 INFO  FCA_Test_Class:16 - User Landed to FCA Certified Home Page
2026-09-10 15:12:58 INFO  FCA_Test_Class:23 - Redirected to SNI Page
2026-09-10 15:12:59 INFO  FCA_Test_Class:23 - Redirected to SNI Page
2026-09-10 15:13:11 INFO  FCA_Test_Class:62 - Redirected to VDP Page
2026-09-10 15:13:12 INFO  FCA_Test_Class:62 - Redirected to VDP Page
2026-09-10 15:13:39 INFO  FCA_Test_Class:80 - User Reached till DRS TAB
2026-09-10 15:13:54 INFO  FCA_Test_Class:80 - User Reached till DRS TAB
2026-09-10 15:24:05 INFO  FCA_Test_Class:16 - User Landed to FCA Certified Home Page
2026-09-10 15:24:06 INFO  FCA_Test_Class:16 - User Landed to FCA Certified Home Page
2026-09-10 15:24:12 INFO  FCA_Test_Class:23 - Redirected to SNI Page
2026-09-10 15:24:14 INFO  FCA_Test_Class:23 - Redirected to SNI Page
2026-09-10 15:24:26 INFO  FCA_Test_Class:62 - Redirected to VDP Page
2026-09-10 15:24:27 INFO  FCA_Test_Class:62 - Redirected to VDP Page
2026-09-10 15:24:50 INFO  FCA_Test_Class:80 - User Reached till DRS TAB
2026-09-10 15:24:54 INFO  FCA_Test_Class:80 - User Reached till DRS TAB
2026-09-10 15:35:58 INFO  FCA_Test_Class:16 - User Landed to FCA Certified Home Page
2026-09-10 15:36:04 INFO  FCA_Test_Class:23 - Redirected to SNI Page
2026-09-10 15:36:16 INFO  FCA_Test_Class:62 - Redirected to VDP Page
2026-09-10 15:36:37 INFO  FCA_Test_Class:80 - User Reached till DRS TAB
2026-09-10 17:08:04 INFO  FCA_Test_Class:16 - User Landed to FCA Certified Home Page
2026-09-10 17:08:13 INFO  FCA_Test_Class:23 - Redirected to SNI Page
2026-09-10 17:08:26 INFO  FCA_Test_Class:62 - Redirected to VDP Page
2026-09-10 17:08:47 INFO  FCA_Test_Class:80 - User Reached till DRS TAB
2026-09-10 17:11:56 INFO  FCA_Test_Class:16 - User Landed to FCA Certified Home Page
2026-09-10 17:12:05 INFO  FCA_Test_Class:23 - Redirected to SNI Page
2026-09-10 17:15:24 INFO  FCA_Test_Class:16 - User Landed to FCA Certified Home Page
2026-09-10 17:15:34 INFO  FCA_Test_Class:23 - Redirected to SNI Page
2026-09-10 17:15:49 INFO  FCA_Test_Class:62 - Redirected to VDP Page
2026-09-10 17:16:11 INFO  FCA_Test_Class:80 - User Reached till DRS TAB
2026-09-10 17:18:42 INFO  FCA_Test_Class:16 - User Landed to FCA Certified Home Page
2026-09-10 17:18:48 INFO  FCA_Test_Class:23 - Redirected to SNI Page
2026-09-10 17:21:27 INFO  FCA_Test_Class:16 - User Landed to FCA Certified Home Page
2026-09-10 17:21:34 INFO  FCA_Test_Class:23 - Redirected to SNI Page
2026-09-10 17:21:48 INFO  FCA_Test_Class:62 - Redirected to VDP Page
2026-09-10 17:22:09 INFO  FCA_Test_Class:80 - User Reached till DRS TAB
2026-09-11 02:57:26 INFO  FCA_Test_Class:16 - User Landed to FCA Certified Home Page
2026-09-11 02:58:05 INFO  FCA_Test_Class:23 - Redirected to SNI Page
2026-09-11 03:01:37 INFO  FCA_Test_Class:16 - User Landed to FCA Certified Home Page
2026-09-11 03:02:16 INFO  FCA_Test_Class:23 - Redirected to SNI Page
2026-09-11 17:13:46 INFO  FCA_Test_Class:16 - User Landed to FCA Certified Home Page
2026-09-11 17:13:54 INFO  FCA_Test_Class:23 - Redirected to SNI Page
2026-09-11 17:14:07 INFO  FCA_Test_Class:62 - Redirected to VDP Page
2026-09-11 17:14:34 INFO  FCA_Test_Class:80 - User Reached till DRS TAB
2026-09-11 17:17:20 INFO  FCA_Test_Class:16 - User Landed to FCA Certified Home Page
2026-09-11 17:17:29 INFO  FCA_Test_Class:23 - Redirected to SNI Page
2026-09-11 17:20:07 INFO  FCA_Test_Class:16 - User Landed to FCA Certified Home Page
2026-09-11 17:20:14 INFO  FCA_Test_Class:23 - Redirected to SNI Page
2026-09-11 17:20:28 INFO  FCA_Test_Class:62 - Redirected to VDP Page
2026-09-11 17:21:00 INFO  FCA_Test_Class:80 - User Reached till DRS TAB
2026-09-12 17:22:04 INFO  FCA_Test_Class:16 - User Landed to FCA Certified Home Page
2026-09-12 17:22:12 INFO  FCA_Test_Class:23 - Redirected to SNI Page
2026-09-12 17:23:29 INFO  FCA_Test_Class:16 - User Landed to FCA Certified Home Page
2026-09-12 17:23:41 INFO  FCA_Test_Class:23 - Redirected to SNI Page
2026-09-12 17:23:55 INFO  FCA_Test_Class:62 - Redirected to VDP Page
2026-09-12 17:24:17 INFO  FCA_Test_Class:80 - User Reached till DRS TAB
2026-09-12 17:28:52 INFO  FCA_Test_Class:16 - User Landed to FCA Certified Home Page
2026-09-12 17:29:01 INFO  FCA_Test_Class:23 - Redirected to SNI Page
2026-09-12 17:29:15 INFO  FCA_Test_Class:62 - Redirected to VDP Page
2026-09-12 17:29:35 INFO  FCA_Test_Class:80 - User Reached till DRS TAB
2026-09-13 16:27:43 INFO  FCA_Test_Class:16 - User Landed to FCA Certified Home Page
2026-09-13 16:28:38 INFO  FCA_Test_Class:16 - User Landed to FCA Certified Home Page
2026-09-13 16:31:15 INFO  FCA_Test_Class:16 - User Landed to FCA Certified Home Page
2026-09-13 16:31:25 INFO  FCA_Test_Class:23 - Redirected to SNI Page
2026-09-13 16:31:39 INFO  FCA_Test_Class:62 - Redirected to VDP Page
2026-09-13 16:32:01 INFO  FCA_Test_Class:80 - User Reached till DRS TAB
2026-09-13 16:34:20 INFO  FCA_Test_Class:16 - User Landed to FCA Certified Home Page
2026-09-13 16:34:33 INFO  FCA_Test_Class:23 - Redirected to SNI Page
2026-09-13 16:34:47 INFO  FCA_Test_Class:62 - Redirected to VDP Page
2026-09-13 16:35:10 INFO  FCA_Test_Class:80 - User Reached till DRS TAB
2026-09-14 16:56:32 INFO  FCA_Test_Class:16 - User Landed to FCA Certified Home Page
2026-09-14 16:56:41 INFO  FCA_Test_Class:23 - Redirected to SNI Page
2026-09-14 16:57:48 INFO  FCA_Test_Class:16 - User Landed to FCA Certified Home Page
2026-09-14 16:57:59 INFO  FCA_Test_Class:23 - Redirected to SNI Page
2026-09-14 16:58:11 INFO  FCA_Test_Class:62 - Redirected to VDP Page
2026-09-14 16:58:33 INFO  FCA_Test_Class:80 - User Reached till DRS TAB
2026-09-14 17:00:25 INFO  FCA_Test_Class:16 - User Landed to FCA Certified Home Page
2026-09-14 17:00:33 INFO  FCA_Test_Class:23 - Redirected to SNI Page
2026-09-14 17:00:45 INFO  FCA_Test_Class:62 - Redirected to VDP Page
2026-09-14 17:01:04 INFO  FCA_Test_Class:80 - User Reached till DRS TAB
2026-09-14 17:02:59 INFO  FCA_Test_Class:16 - User Landed to FCA Certified Home Page
2026-09-14 17:03:05 INFO  FCA_Test_Class:23 - Redirected to SNI Page
2026-09-14 17:03:17 INFO  FCA_Test_Class:62 - Redirected to VDP Page
2026-09-14 17:03:37 INFO  FCA_Test_Class:80 - User Reached till DRS TAB
2026-09-14 17:05:51 INFO  FCA_Test_Class:16 - User Landed to FCA Certified Home Page
2026-09-14 17:05:58 INFO  FCA_Test_Class:23 - Redirected to SNI Page
2026-09-15 17:32:22 INFO  FCA_Test_Class:16 - User Landed to FCA Certified Home Page
2026-09-15 17:32:30 INFO  FCA_Test_Class:23 - Redirected to SNI Page
2026-09-15 17:32:44 INFO  FCA_Test_Class:62 - Redirected to VDP Page
2026-09-15 17:33:05 INFO  FCA_Test_Class:80 - User Reached till DRS TAB
2026-09-15 17:35:20 INFO  FCA_Test_Class:16 - User Landed to FCA Certified Home Page
2026-09-15 17:35:28 INFO  FCA_Test_Class:23 - Redirected to SNI Page
2026-09-15 17:35:43 INFO  FCA_Test_Class:62 - Redirected to VDP Page
2026-09-15 17:36:05 INFO  FCA_Test_Class:80 - User Reached till DRS TAB
2026-09-15 17:38:34 INFO  FCA_Test_Class:16 - User Landed to FCA Certified Home Page
2026-09-15 17:38:42 INFO  FCA_Test_Class:23 - Redirected to SNI Page
2026-09-15 17:39:59 INFO  FCA_Test_Class:16 - User Landed to FCA Certified Home Page
2026-09-15 17:40:08 INFO  FCA_Test_Class:23 - Redirected to SNI Page
2026-09-16 17:03:21 INFO  FCA_Test_Class:16 - User Landed to FCA Certified Home Page
2026-09-16 17:03:30 INFO  FCA_Test_Class:23 - Redirected to SNI Page
2026-09-16 17:03:44 INFO  FCA_Test_Class:62 - Redirected to VDP Page
2026-09-16 17:04:07 INFO  FCA_Test_Class:80 - User Reached till DRS TAB
2026-09-16 17:08:17 INFO  FCA_Test_Class:16 - User Landed to FCA Certified Home Page
2026-09-16 17:08:38 INFO  FCA_Test_Class:23 - Redirected to SNI Page
2026-09-16 17:08:56 INFO  FCA_Test_Class:62 - Redirected to VDP Page
2026-09-16 17:09:19 INFO  FCA_Test_Class:80 - User Reached till DRS TAB
2026-09-16 17:14:31 INFO  FCA_Test_Class:16 - User Landed to FCA Certified Home Page
2026-09-16 17:14:44 INFO  FCA_Test_Class:23 - Redirected to SNI Page
2026-09-16 17:14:58 INFO  FCA_Test_Class:62 - Redirected to VDP Page
2026-09-16 17:15:19 INFO  FCA_Test_Class:80 - User Reached till DRS TAB
2026-09-16 17:18:40 INFO  FCA_Test_Class:16 - User Landed to FCA Certified Home Page
2026-09-16 17:18:51 INFO  FCA_Test_Class:23 - Redirected to SNI Page
2026-09-16 17:19:05 INFO  FCA_Test_Class:62 - Redirected to VDP Page
2026-09-16 17:19:32 INFO  FCA_Test_Class:80 - User Reached till DRS TAB
2026-09-17 16:48:15 INFO  FCA_Test_Class:16 - User Landed to FCA Certified Home Page
2026-09-17 16:48:22 INFO  FCA_Test_Class:23 - Redirected to SNI Page
2026-09-17 16:48:34 INFO  FCA_Test_Class:62 - Redirected to VDP Page
2026-09-17 16:48:56 INFO  FCA_Test_Class:80 - User Reached till DRS TAB
2026-09-17 16:51:36 INFO  FCA_Test_Class:16 - User Landed to FCA Certified Home Page
2026-09-17 16:51:42 INFO  FCA_Test_Class:23 - Redirected to SNI Page
2026-09-17 16:51:53 INFO  FCA_Test_Class:62 - Redirected to VDP Page
2026-09-17 16:52:14 INFO  FCA_Test_Class:80 - User Reached till DRS TAB
2026-09-17 16:55:25 INFO  FCA_Test_Class:16 - User Landed to FCA Certified Home Page
2026-09-17 16:55:32 INFO  FCA_Test_Class:23 - Redirected to SNI Page
2026-09-17 16:55:44 INFO  FCA_Test_Class:62 - Redirected to VDP Page
2026-09-17 16:56:07 INFO  FCA_Test_Class:80 - User Reached till DRS TAB
2026-09-17 16:58:49 INFO  FCA_Test_Class:16 - User Landed to FCA Certified Home Page
2026-09-17 16:58:56 INFO  FCA_Test_Class:23 - Redirected to SNI Page
2026-09-17 16:59:08 INFO  FCA_Test_Class:62 - Redirected to VDP Page
2026-09-17 16:59:30 INFO  FCA_Test_Class:80 - User Reached till DRS TAB
2026-09-18 17:23:12 INFO  FCA_Test_Class:16 - User Landed to FCA Certified Home Page
2026-09-18 17:23:18 INFO  FCA_Test_Class:23 - Redirected to SNI Page
2026-09-18 17:23:30 INFO  FCA_Test_Class:62 - Redirected to VDP Page
2026-09-18 17:23:52 INFO  FCA_Test_Class:80 - User Reached till DRS TAB
2026-09-18 17:26:59 INFO  FCA_Test_Class:16 - User Landed to FCA Certified Home Page
2026-09-18 17:27:06 INFO  FCA_Test_Class:23 - Redirected to SNI Page
2026-09-18 17:27:18 INFO  FCA_Test_Class:62 - Redirected to VDP Page
2026-09-18 17:27:38 INFO  FCA_Test_Class:80 - User Reached till DRS TAB
2026-09-18 17:29:36 INFO  FCA_Test_Class:16 - User Landed to FCA Certified Home Page
2026-09-18 17:29:42 INFO  FCA_Test_Class:23 - Redirected to SNI Page
2026-09-18 17:29:54 INFO  FCA_Test_Class:62 - Redirected to VDP Page
2026-09-18 17:30:13 INFO  FCA_Test_Class:80 - User Reached till DRS TAB
2026-09-18 17:32:14 INFO  FCA_Test_Class:16 - User Landed to FCA Certified Home Page
2026-09-18 17:32:20 INFO  FCA_Test_Class:23 - Redirected to SNI Page
2026-09-18 17:32:32 INFO  FCA_Test_Class:62 - Redirected to VDP Page
2026-09-18 17:32:52 INFO  FCA_Test_Class:80 - User Reached till DRS TAB
2026-09-19 17:07:17 INFO  FCA_Test_Class:16 - User Landed to FCA Certified Home Page
2026-09-19 17:07:25 INFO  FCA_Test_Class:23 - Redirected to SNI Page
2026-09-19 17:07:36 INFO  FCA_Test_Class:62 - Redirected to VDP Page
2026-09-19 17:07:57 INFO  FCA_Test_Class:80 - User Reached till DRS TAB
2026-09-19 17:10:04 INFO  FCA_Test_Class:16 - User Landed to FCA Certified Home Page
2026-09-19 17:10:10 INFO  FCA_Test_Class:23 - Redirected to SNI Page
2026-09-19 17:10:23 INFO  FCA_Test_Class:62 - Redirected to VDP Page
2026-09-19 17:10:42 INFO  FCA_Test_Class:80 - User Reached till DRS TAB
2026-09-19 17:13:01 INFO  FCA_Test_Class:16 - User Landed to FCA Certified Home Page
2026-09-19 17:13:09 INFO  FCA_Test_Class:23 - Redirected to SNI Page
2026-09-19 17:13:21 INFO  FCA_Test_Class:62 - Redirected to VDP Page
2026-09-19 17:13:41 INFO  FCA_Test_Class:80 - User Reached till DRS TAB
2026-09-19 17:16:21 INFO  FCA_Test_Class:16 - User Landed to FCA Certified Home Page
2026-09-19 17:16:28 INFO  FCA_Test_Class:23 - Redirected to SNI Page
2026-09-19 17:16:40 INFO  FCA_Test_Class:62 - Redirected to VDP Page
2026-09-19 17:17:01 INFO  FCA_Test_Class:80 - User Reached till DRS TAB
2026-09-20 00:04:07 INFO  FCA_Test_Class:16 - User Landed to FCA Certified Home Page
2026-09-20 00:04:08 INFO  FCA_Test_Class:19 - User clicked on Cookie Popup
2026-09-20 00:04:08 INFO  FCA_Test_Class:21 - User clicked on Zip Code Field
2026-09-20 00:04:08 INFO  FCA_Test_Class:23 - User entered the Zip Code
2026-09-20 00:04:09 INFO  FCA_Test_Class:25 - User clicked on Brand Logos
2026-09-20 00:04:37 INFO  FCA_Test_Class:27 - User clicked on Submit Button
2026-09-20 00:04:37 INFO  FCA_Test_Class:28 - Redirected to SNI Page
2026-09-20 00:04:37 INFO  FCA_Test_Class:37 - User clicked on Cookie Popup 
2026-09-20 00:04:37 INFO  FCA_Test_Class:39 - User clicked on GoCPOV checkbox 
2026-09-20 00:04:37 INFO  FCA_Test_Class:41 - User clicked on CPOV checkbox 
2026-09-20 00:04:37 INFO  FCA_Test_Class:43 - User clicked on GoCPOV checkbox 
2026-09-20 00:04:38 INFO  FCA_Test_Class:45 - User clicked on ZipCode Text Box 
2026-09-20 00:04:38 INFO  FCA_Test_Class:47 - User cleared the ZipCode 
2026-09-20 00:04:38 INFO  FCA_Test_Class:49 - User clicked on Enter the Zip Code 
2026-09-20 00:04:46 INFO  FCA_Test_Class:51 - User clicked on Update button to update the Zip Code 
2026-09-20 00:04:46 INFO  FCA_Test_Class:53 - User clicked on Partial Matches 
2026-09-20 00:04:46 INFO  FCA_Test_Class:55 - User clicked on Exact Matches 
2026-09-20 00:04:46 INFO  FCA_Test_Class:57 - User clicked on SortBy functionality 
2026-09-20 00:04:46 INFO  FCA_Test_Class:59 - User selected value 1 
2026-09-20 00:04:46 INFO  FCA_Test_Class:61 - User selected value 2 
2026-09-20 00:04:46 INFO  FCA_Test_Class:63 - User selected value 3 
2026-09-20 00:04:46 INFO  FCA_Test_Class:65 - User clicked on Open Dealer 
2026-09-20 00:04:50 INFO  FCA_Test_Class:68 - User clicked on Show All Dealer 
2026-09-20 00:04:50 INFO  FCA_Test_Class:70 - User clicked on Show Less Dealer 
2026-09-20 00:04:50 INFO  FCA_Test_Class:72 - User clicked on Dealer Checkbox 
2026-09-20 00:04:50 INFO  FCA_Test_Class:74 - User unchecked on Dealer Checkbox 
2026-09-20 00:04:50 INFO  FCA_Test_Class:76 - User clicked on Open Year section 
2026-09-20 00:04:53 INFO  FCA_Test_Class:79 - User clicked on Value1 
2026-09-20 00:04:54 INFO  FCA_Test_Class:81 - User clicked on Value2 
2026-09-20 00:04:54 INFO  FCA_Test_Class:83 - User clicked on Value3 
2026-09-20 00:04:54 INFO  FCA_Test_Class:85 - User clicked on Close Year 
2026-09-20 00:04:54 INFO  FCA_Test_Class:87 - User clicked on OpenDrive section 
2026-09-20 00:04:54 INFO  FCA_Test_Class:89 - User clicked on CloseDrive section 
2026-09-20 00:04:55 INFO  FCA_Test_Class:91 - User clicked on Reset Filter 
2026-09-20 00:04:57 INFO  FCA_Test_Class:94 - User clicked on Continue Shopping 
2026-09-20 00:04:57 INFO  FCA_Test_Class:95 - Redirected to VDP Page
2026-09-20 00:05:20 INFO  FCA_Test_Class:103 - User closed on Initial PopUp 
2026-09-20 00:05:21 INFO  FCA_Test_Class:105 - User clicked on CASH TAB 
2026-09-20 00:05:22 INFO  FCA_Test_Class:107 - User clicked on OpenTest Drive section 
2026-09-20 00:05:22 INFO  FCA_Test_Class:109 - User clicked on CloseTest Drive section 
2026-09-20 00:05:23 INFO  FCA_Test_Class:111 - User clicked on Payment Calculator section 
2026-09-20 00:05:24 INFO  FCA_Test_Class:113 - User clicked on Continue 
2026-09-20 00:05:27 INFO  FCA_Test_Class:116 - User clicked on Closed Payment Calculator section 
2026-09-20 00:05:27 INFO  FCA_Test_Class:118 - User clicked on TradeIN section 
2026-09-20 00:05:27 INFO  FCA_Test_Class:120 - User clicked on Service & Protection section 
2026-09-20 00:05:27 INFO  FCA_Test_Class:122 - User clicked on Delivery Review & Submit section 
2026-09-20 00:05:27 INFO  FCA_Test_Class:123 - User Reached till DRS TAB
2026-09-20 17:06:59 INFO  FCA_Test_Class:16 - User Landed to FCA Certified Home Page
2026-09-20 17:07:00 INFO  FCA_Test_Class:19 - User clicked on Cookie Popup
2026-09-20 17:07:00 INFO  FCA_Test_Class:21 - User clicked on Zip Code Field
2026-09-20 17:07:00 INFO  FCA_Test_Class:23 - User entered the Zip Code
2026-09-20 17:07:01 INFO  FCA_Test_Class:25 - User clicked on Brand Logos
2026-09-20 17:07:07 INFO  FCA_Test_Class:27 - User clicked on Submit Button
2026-09-20 17:07:07 INFO  FCA_Test_Class:28 - Redirected to SNI Page
2026-09-20 17:07:08 INFO  FCA_Test_Class:37 - User clicked on Cookie Popup 
2026-09-20 17:07:08 INFO  FCA_Test_Class:39 - User clicked on GoCPOV checkbox 
2026-09-20 17:07:08 INFO  FCA_Test_Class:41 - User clicked on CPOV checkbox 
2026-09-20 17:07:08 INFO  FCA_Test_Class:43 - User clicked on GoCPOV checkbox 
2026-09-20 17:07:08 INFO  FCA_Test_Class:45 - User clicked on ZipCode Text Box 
2026-09-20 17:07:09 INFO  FCA_Test_Class:47 - User cleared the ZipCode 
2026-09-20 17:07:09 INFO  FCA_Test_Class:49 - User clicked on Enter the Zip Code 
2026-09-20 17:07:10 INFO  FCA_Test_Class:51 - User clicked on Update button to update the Zip Code 
2026-09-20 17:07:11 INFO  FCA_Test_Class:53 - User clicked on Partial Matches 
2026-09-20 17:07:11 INFO  FCA_Test_Class:55 - User clicked on Exact Matches 
2026-09-20 17:07:11 INFO  FCA_Test_Class:57 - User clicked on SortBy functionality 
2026-09-20 17:07:12 INFO  FCA_Test_Class:59 - User selected value 1 
2026-09-20 17:07:12 INFO  FCA_Test_Class:61 - User selected value 2 
2026-09-20 17:07:12 INFO  FCA_Test_Class:63 - User selected value 3 
2026-09-20 17:07:12 INFO  FCA_Test_Class:65 - User clicked on Open Dealer 
2026-09-20 17:07:15 INFO  FCA_Test_Class:68 - User clicked on Show All Dealer 
2026-09-20 17:07:15 INFO  FCA_Test_Class:70 - User clicked on Show Less Dealer 
2026-09-20 17:07:15 INFO  FCA_Test_Class:72 - User clicked on Dealer Checkbox 
2026-09-20 17:07:16 INFO  FCA_Test_Class:74 - User unchecked on Dealer Checkbox 
2026-09-20 17:07:16 INFO  FCA_Test_Class:76 - User clicked on Open Year section 
2026-09-20 17:07:19 INFO  FCA_Test_Class:79 - User clicked on Value1 
2026-09-20 17:07:19 INFO  FCA_Test_Class:81 - User clicked on Value2 
2026-09-20 17:07:19 INFO  FCA_Test_Class:83 - User clicked on Value3 
2026-09-20 17:07:19 INFO  FCA_Test_Class:85 - User clicked on Close Year 
2026-09-20 17:07:20 INFO  FCA_Test_Class:87 - User clicked on OpenDrive section 
2026-09-20 17:07:20 INFO  FCA_Test_Class:89 - User clicked on CloseDrive section 
2026-09-20 17:07:20 INFO  FCA_Test_Class:91 - User clicked on Reset Filter 
2026-09-20 17:07:22 INFO  FCA_Test_Class:94 - User clicked on Continue Shopping 
2026-09-20 17:07:22 INFO  FCA_Test_Class:95 - Redirected to VDP Page
2026-09-20 17:07:38 INFO  FCA_Test_Class:103 - User closed on Initial PopUp 
2026-09-20 17:07:39 INFO  FCA_Test_Class:105 - User clicked on CASH TAB 
2026-09-20 17:07:39 INFO  FCA_Test_Class:107 - User clicked on OpenTest Drive section 
2026-09-20 17:07:40 INFO  FCA_Test_Class:109 - User clicked on CloseTest Drive section 
2026-09-20 17:07:41 INFO  FCA_Test_Class:111 - User clicked on Payment Calculator section 
2026-09-20 17:07:41 INFO  FCA_Test_Class:113 - User clicked on Continue 
2026-09-20 17:07:44 INFO  FCA_Test_Class:116 - User clicked on Closed Payment Calculator section 
2026-09-20 17:07:44 INFO  FCA_Test_Class:118 - User clicked on TradeIN section 
2026-09-20 17:07:45 INFO  FCA_Test_Class:120 - User clicked on Service & Protection section 
2026-09-20 17:07:45 INFO  FCA_Test_Class:122 - User clicked on Delivery Review & Submit section 
2026-09-20 17:07:45 INFO  FCA_Test_Class:123 - User Reached till DRS TAB
2026-09-20 17:10:35 INFO  FCA_Test_Class:16 - User Landed to FCA Certified Home Page
2026-09-20 17:10:36 INFO  FCA_Test_Class:19 - User clicked on Cookie Popup
2026-09-20 17:10:36 INFO  FCA_Test_Class:21 - User clicked on Zip Code Field
2026-09-20 17:10:36 INFO  FCA_Test_Class:23 - User entered the Zip Code
2026-09-20 17:10:37 INFO  FCA_Test_Class:25 - User clicked on Brand Logos
2026-09-20 17:10:46 INFO  FCA_Test_Class:27 - User clicked on Submit Button
2026-09-20 17:10:46 INFO  FCA_Test_Class:28 - Redirected to SNI Page
2026-09-20 17:12:12 INFO  FCA_Test_Class:16 - User Landed to FCA Certified Home Page
2026-09-20 17:12:13 INFO  FCA_Test_Class:19 - User clicked on Cookie Popup
2026-09-20 17:12:13 INFO  FCA_Test_Class:21 - User clicked on Zip Code Field
2026-09-20 17:12:13 INFO  FCA_Test_Class:23 - User entered the Zip Code
2026-09-20 17:12:14 INFO  FCA_Test_Class:25 - User clicked on Brand Logos
2026-09-20 17:12:20 INFO  FCA_Test_Class:27 - User clicked on Submit Button
2026-09-20 17:12:20 INFO  FCA_Test_Class:28 - Redirected to SNI Page
2026-09-20 17:12:21 INFO  FCA_Test_Class:37 - User clicked on Cookie Popup 
2026-09-20 17:12:21 INFO  FCA_Test_Class:39 - User clicked on GoCPOV checkbox 
2026-09-20 17:12:21 INFO  FCA_Test_Class:41 - User clicked on CPOV checkbox 
2026-09-20 17:12:21 INFO  FCA_Test_Class:43 - User clicked on GoCPOV checkbox 
2026-09-20 17:12:21 INFO  FCA_Test_Class:45 - User clicked on ZipCode Text Box 
2026-09-20 17:12:21 INFO  FCA_Test_Class:47 - User cleared the ZipCode 
2026-09-20 17:12:21 INFO  FCA_Test_Class:49 - User clicked on Enter the Zip Code 
2026-09-20 17:12:23 INFO  FCA_Test_Class:51 - User clicked on Update button to update the Zip Code 
2026-09-20 17:12:24 INFO  FCA_Test_Class:53 - User clicked on Partial Matches 
2026-09-20 17:12:24 INFO  FCA_Test_Class:55 - User clicked on Exact Matches 
2026-09-20 17:12:24 INFO  FCA_Test_Class:57 - User clicked on SortBy functionality 
2026-09-20 17:12:24 INFO  FCA_Test_Class:59 - User selected value 1 
2026-09-20 17:12:24 INFO  FCA_Test_Class:61 - User selected value 2 
2026-09-20 17:12:24 INFO  FCA_Test_Class:63 - User selected value 3 
2026-09-20 17:12:25 INFO  FCA_Test_Class:65 - User clicked on Open Dealer 
2026-09-20 17:12:28 INFO  FCA_Test_Class:68 - User clicked on Show All Dealer 
2026-09-20 17:12:28 INFO  FCA_Test_Class:70 - User clicked on Show Less Dealer 
2026-09-20 17:12:28 INFO  FCA_Test_Class:72 - User clicked on Dealer Checkbox 
2026-09-20 17:12:28 INFO  FCA_Test_Class:74 - User unchecked on Dealer Checkbox 
2026-09-20 17:12:28 INFO  FCA_Test_Class:76 - User clicked on Open Year section 
2026-09-20 17:12:32 INFO  FCA_Test_Class:79 - User clicked on Value1 
2026-09-20 17:12:32 INFO  FCA_Test_Class:81 - User clicked on Value2 
2026-09-20 17:12:32 INFO  FCA_Test_Class:83 - User clicked on Value3 
2026-09-20 17:12:32 INFO  FCA_Test_Class:85 - User clicked on Close Year 
2026-09-20 17:12:32 INFO  FCA_Test_Class:87 - User clicked on OpenDrive section 
2026-09-20 17:12:32 INFO  FCA_Test_Class:89 - User clicked on CloseDrive section 
2026-09-20 17:12:33 INFO  FCA_Test_Class:91 - User clicked on Reset Filter 
2026-09-20 17:12:35 INFO  FCA_Test_Class:94 - User clicked on Continue Shopping 
2026-09-20 17:12:35 INFO  FCA_Test_Class:95 - Redirected to VDP Page
2026-09-20 17:12:52 INFO  FCA_Test_Class:103 - User closed on Initial PopUp 
2026-09-20 17:12:52 INFO  FCA_Test_Class:105 - User clicked on CASH TAB 
2026-09-20 17:12:52 INFO  FCA_Test_Class:107 - User clicked on OpenTest Drive section 
2026-09-20 17:12:53 INFO  FCA_Test_Class:109 - User clicked on CloseTest Drive section 
2026-09-20 17:12:54 INFO  FCA_Test_Class:111 - User clicked on Payment Calculator section 
2026-09-20 17:12:54 INFO  FCA_Test_Class:113 - User clicked on Continue 
2026-09-20 17:12:57 INFO  FCA_Test_Class:116 - User clicked on Closed Payment Calculator section 
2026-09-20 17:12:58 INFO  FCA_Test_Class:118 - User clicked on TradeIN section 
2026-09-20 17:12:58 INFO  FCA_Test_Class:120 - User clicked on Service & Protection section 
2026-09-20 17:12:58 INFO  FCA_Test_Class:122 - User clicked on Delivery Review & Submit section 
2026-09-20 17:12:58 INFO  FCA_Test_Class:123 - User Reached till DRS TAB
2026-09-20 17:15:20 INFO  FCA_Test_Class:16 - User Landed to FCA Certified Home Page
2026-09-20 17:15:20 INFO  FCA_Test_Class:19 - User clicked on Cookie Popup
2026-09-20 17:15:20 INFO  FCA_Test_Class:21 - User clicked on Zip Code Field
2026-09-20 17:15:20 INFO  FCA_Test_Class:23 - User entered the Zip Code
2026-09-20 17:15:21 INFO  FCA_Test_Class:25 - User clicked on Brand Logos
2026-09-20 17:15:29 INFO  FCA_Test_Class:27 - User clicked on Submit Button
2026-09-20 17:15:29 INFO  FCA_Test_Class:28 - Redirected to SNI Page
2026-09-20 17:15:29 INFO  FCA_Test_Class:37 - User clicked on Cookie Popup 
2026-09-20 17:15:29 INFO  FCA_Test_Class:39 - User clicked on GoCPOV checkbox 
2026-09-20 17:15:29 INFO  FCA_Test_Class:41 - User clicked on CPOV checkbox 
2026-09-20 17:15:30 INFO  FCA_Test_Class:43 - User clicked on GoCPOV checkbox 
2026-09-20 17:15:30 INFO  FCA_Test_Class:45 - User clicked on ZipCode Text Box 
2026-09-20 17:15:30 INFO  FCA_Test_Class:47 - User cleared the ZipCode 
2026-09-20 17:15:30 INFO  FCA_Test_Class:49 - User clicked on Enter the Zip Code 
2026-09-20 17:15:31 INFO  FCA_Test_Class:51 - User clicked on Update button to update the Zip Code 
2026-09-20 17:15:32 INFO  FCA_Test_Class:53 - User clicked on Partial Matches 
2026-09-20 17:15:32 INFO  FCA_Test_Class:55 - User clicked on Exact Matches 
2026-09-20 17:15:32 INFO  FCA_Test_Class:57 - User clicked on SortBy functionality 
2026-09-20 17:15:32 INFO  FCA_Test_Class:59 - User selected value 1 
2026-09-20 17:15:32 INFO  FCA_Test_Class:61 - User selected value 2 
2026-09-20 17:15:32 INFO  FCA_Test_Class:63 - User selected value 3 
2026-09-20 17:15:32 INFO  FCA_Test_Class:65 - User clicked on Open Dealer 
2026-09-20 17:15:36 INFO  FCA_Test_Class:68 - User clicked on Show All Dealer 
2026-09-20 17:15:36 INFO  FCA_Test_Class:70 - User clicked on Show Less Dealer 
2026-09-20 17:15:36 INFO  FCA_Test_Class:72 - User clicked on Dealer Checkbox 
2026-09-20 17:15:36 INFO  FCA_Test_Class:74 - User unchecked on Dealer Checkbox 
2026-09-20 17:15:36 INFO  FCA_Test_Class:76 - User clicked on Open Year section 
2026-09-20 17:15:40 INFO  FCA_Test_Class:79 - User clicked on Value1 
2026-09-20 17:15:40 INFO  FCA_Test_Class:81 - User clicked on Value2 
2026-09-20 17:15:40 INFO  FCA_Test_Class:83 - User clicked on Value3 
2026-09-20 17:15:40 INFO  FCA_Test_Class:85 - User clicked on Close Year 
2026-09-20 17:15:40 INFO  FCA_Test_Class:87 - User clicked on OpenDrive section 
2026-09-20 17:15:40 INFO  FCA_Test_Class:89 - User clicked on CloseDrive section 
2026-09-20 17:15:41 INFO  FCA_Test_Class:91 - User clicked on Reset Filter 
2026-09-20 17:15:43 INFO  FCA_Test_Class:94 - User clicked on Continue Shopping 
2026-09-20 17:15:43 INFO  FCA_Test_Class:95 - Redirected to VDP Page
2026-09-20 17:15:58 INFO  FCA_Test_Class:103 - User closed on Initial PopUp 
2026-09-20 17:15:59 INFO  FCA_Test_Class:105 - User clicked on CASH TAB 
2026-09-20 17:15:59 INFO  FCA_Test_Class:107 - User clicked on OpenTest Drive section 
2026-09-20 17:16:00 INFO  FCA_Test_Class:109 - User clicked on CloseTest Drive section 
2026-09-20 17:16:01 INFO  FCA_Test_Class:111 - User clicked on Payment Calculator section 
2026-09-20 17:16:01 INFO  FCA_Test_Class:113 - User clicked on Continue 
2026-09-20 17:16:04 INFO  FCA_Test_Class:116 - User clicked on Closed Payment Calculator section 
2026-09-20 17:16:05 INFO  FCA_Test_Class:118 - User clicked on TradeIN section 
2026-09-20 17:16:05 INFO  FCA_Test_Class:120 - User clicked on Service & Protection section 
2026-09-20 17:16:05 INFO  FCA_Test_Class:122 - User clicked on Delivery Review & Submit section 
2026-09-20 17:16:05 INFO  FCA_Test_Class:123 - User Reached till DRS TAB
2026-09-20 17:19:24 INFO  FCA_Test_Class:16 - User Landed to FCA Certified Home Page
2026-09-20 17:19:24 INFO  FCA_Test_Class:19 - User clicked on Cookie Popup
2026-09-20 17:19:24 INFO  FCA_Test_Class:21 - User clicked on Zip Code Field
2026-09-20 17:19:24 INFO  FCA_Test_Class:23 - User entered the Zip Code
2026-09-20 17:19:24 INFO  FCA_Test_Class:25 - User clicked on Brand Logos
2026-09-20 17:19:32 INFO  FCA_Test_Class:27 - User clicked on Submit Button
2026-09-20 17:19:32 INFO  FCA_Test_Class:28 - Redirected to SNI Page
2026-09-20 17:19:32 INFO  FCA_Test_Class:37 - User clicked on Cookie Popup 
2026-09-20 17:19:32 INFO  FCA_Test_Class:39 - User clicked on GoCPOV checkbox 
2026-09-20 17:19:33 INFO  FCA_Test_Class:41 - User clicked on CPOV checkbox 
2026-09-20 17:19:33 INFO  FCA_Test_Class:43 - User clicked on GoCPOV checkbox 
2026-09-20 17:19:33 INFO  FCA_Test_Class:45 - User clicked on ZipCode Text Box 
2026-09-20 17:19:33 INFO  FCA_Test_Class:47 - User cleared the ZipCode 
2026-09-20 17:19:33 INFO  FCA_Test_Class:49 - User clicked on Enter the Zip Code 
2026-09-20 17:19:34 INFO  FCA_Test_Class:51 - User clicked on Update button to update the Zip Code 
2026-09-20 17:19:35 INFO  FCA_Test_Class:53 - User clicked on Partial Matches 
2026-09-20 17:19:35 INFO  FCA_Test_Class:55 - User clicked on Exact Matches 
2026-09-20 17:19:35 INFO  FCA_Test_Class:57 - User clicked on SortBy functionality 
2026-09-20 17:19:35 INFO  FCA_Test_Class:59 - User selected value 1 
2026-09-20 17:19:35 INFO  FCA_Test_Class:61 - User selected value 2 
2026-09-20 17:19:35 INFO  FCA_Test_Class:63 - User selected value 3 
2026-09-20 17:19:36 INFO  FCA_Test_Class:65 - User clicked on Open Dealer 
2026-09-20 17:19:39 INFO  FCA_Test_Class:68 - User clicked on Show All Dealer 
2026-09-20 17:19:39 INFO  FCA_Test_Class:70 - User clicked on Show Less Dealer 
2026-09-20 17:19:39 INFO  FCA_Test_Class:72 - User clicked on Dealer Checkbox 
2026-09-20 17:19:39 INFO  FCA_Test_Class:74 - User unchecked on Dealer Checkbox 
2026-09-20 17:19:39 INFO  FCA_Test_Class:76 - User clicked on Open Year section 
2026-09-20 17:19:43 INFO  FCA_Test_Class:79 - User clicked on Value1 
2026-09-20 17:19:43 INFO  FCA_Test_Class:81 - User clicked on Value2 
2026-09-20 17:19:43 INFO  FCA_Test_Class:83 - User clicked on Value3 
2026-09-20 17:19:43 INFO  FCA_Test_Class:85 - User clicked on Close Year 
2026-09-20 17:19:43 INFO  FCA_Test_Class:87 - User clicked on OpenDrive section 
2026-09-20 17:19:43 INFO  FCA_Test_Class:89 - User clicked on CloseDrive section 
2026-09-20 17:19:44 INFO  FCA_Test_Class:91 - User clicked on Reset Filter 
2026-09-20 17:19:46 INFO  FCA_Test_Class:94 - User clicked on Continue Shopping 
2026-09-20 17:19:46 INFO  FCA_Test_Class:95 - Redirected to VDP Page
2026-09-20 17:20:00 INFO  FCA_Test_Class:103 - User closed on Initial PopUp 
2026-09-20 17:20:01 INFO  FCA_Test_Class:105 - User clicked on CASH TAB 
2026-09-20 17:20:01 INFO  FCA_Test_Class:107 - User clicked on OpenTest Drive section 
2026-09-20 17:20:01 INFO  FCA_Test_Class:109 - User clicked on CloseTest Drive section 
2026-09-20 17:20:02 INFO  FCA_Test_Class:111 - User clicked on Payment Calculator section 
2026-09-20 17:20:02 INFO  FCA_Test_Class:113 - User clicked on Continue 
2026-09-20 17:20:05 INFO  FCA_Test_Class:116 - User clicked on Closed Payment Calculator section 
2026-09-20 17:20:06 INFO  FCA_Test_Class:118 - User clicked on TradeIN section 
2026-09-20 17:20:06 INFO  FCA_Test_Class:120 - User clicked on Service & Protection section 
2026-09-20 17:20:06 INFO  FCA_Test_Class:122 - User clicked on Delivery Review & Submit section 
2026-09-20 17:20:06 INFO  FCA_Test_Class:123 - User Reached till DRS TAB
2026-09-21 16:27:41 INFO  FCA_Test_Class:16 - User Landed to FCA Certified Home Page
2026-09-21 16:27:41 INFO  FCA_Test_Class:16 - User Landed to FCA Certified Home Page
2026-09-21 16:27:41 INFO  FCA_Test_Class:19 - User clicked on Cookie Popup
2026-09-21 16:27:41 INFO  FCA_Test_Class:19 - User clicked on Cookie Popup
2026-09-21 16:27:41 INFO  FCA_Test_Class:21 - User clicked on Zip Code Field
2026-09-21 16:27:41 INFO  FCA_Test_Class:23 - User entered the Zip Code
2026-09-21 16:27:41 INFO  FCA_Test_Class:21 - User clicked on Zip Code Field
2026-09-21 16:27:41 INFO  FCA_Test_Class:23 - User entered the Zip Code
2026-09-21 16:27:42 INFO  FCA_Test_Class:25 - User clicked on Brand Logos
2026-09-21 16:27:42 INFO  FCA_Test_Class:25 - User clicked on Brand Logos
2026-09-21 16:27:47 INFO  FCA_Test_Class:27 - User clicked on Submit Button
2026-09-21 16:27:47 INFO  FCA_Test_Class:28 - Redirected to SNI Page
2026-09-21 16:27:47 INFO  FCA_Test_Class:37 - User clicked on Cookie Popup 
2026-09-21 16:27:47 INFO  FCA_Test_Class:39 - User clicked on GoCPOV checkbox 
2026-09-21 16:27:47 INFO  FCA_Test_Class:41 - User clicked on CPOV checkbox 
2026-09-21 16:27:47 INFO  FCA_Test_Class:43 - User clicked on GoCPOV checkbox 
2026-09-21 16:27:47 INFO  FCA_Test_Class:27 - User clicked on Submit Button
2026-09-21 16:27:47 INFO  FCA_Test_Class:28 - Redirected to SNI Page
2026-09-21 16:27:47 INFO  FCA_Test_Class:45 - User clicked on ZipCode Text Box 
2026-09-21 16:27:47 INFO  FCA_Test_Class:47 - User cleared the ZipCode 
2026-09-21 16:27:47 INFO  FCA_Test_Class:37 - User clicked on Cookie Popup 
2026-09-21 16:27:47 INFO  FCA_Test_Class:39 - User clicked on GoCPOV checkbox 
2026-09-21 16:27:47 INFO  FCA_Test_Class:49 - User clicked on Enter the Zip Code 
2026-09-21 16:27:47 INFO  FCA_Test_Class:41 - User clicked on CPOV checkbox 
2026-09-21 16:27:48 INFO  FCA_Test_Class:43 - User clicked on GoCPOV checkbox 
2026-09-21 16:27:48 INFO  FCA_Test_Class:45 - User clicked on ZipCode Text Box 
2026-09-21 16:27:48 INFO  FCA_Test_Class:47 - User cleared the ZipCode 
2026-09-21 16:27:48 INFO  FCA_Test_Class:49 - User clicked on Enter the Zip Code 
2026-09-21 16:27:49 INFO  FCA_Test_Class:51 - User clicked on Update button to update the Zip Code 
2026-09-21 16:27:49 INFO  FCA_Test_Class:53 - User clicked on Partial Matches 
2026-09-21 16:27:49 INFO  FCA_Test_Class:55 - User clicked on Exact Matches 
2026-09-21 16:27:49 INFO  FCA_Test_Class:57 - User clicked on SortBy functionality 
2026-09-21 16:27:49 INFO  FCA_Test_Class:51 - User clicked on Update button to update the Zip Code 
2026-09-21 16:27:49 INFO  FCA_Test_Class:59 - User selected value 1 
2026-09-21 16:27:49 INFO  FCA_Test_Class:61 - User selected value 2 
2026-09-21 16:27:49 INFO  FCA_Test_Class:53 - User clicked on Partial Matches 
2026-09-21 16:27:49 INFO  FCA_Test_Class:63 - User selected value 3 
2026-09-21 16:27:49 INFO  FCA_Test_Class:65 - User clicked on Open Dealer 
2026-09-21 16:27:50 INFO  FCA_Test_Class:55 - User clicked on Exact Matches 
2026-09-21 16:27:50 INFO  FCA_Test_Class:57 - User clicked on SortBy functionality 
2026-09-21 16:27:50 INFO  FCA_Test_Class:59 - User selected value 1 
2026-09-21 16:27:50 INFO  FCA_Test_Class:61 - User selected value 2 
2026-09-21 16:27:50 INFO  FCA_Test_Class:63 - User selected value 3 
2026-09-21 16:27:50 INFO  FCA_Test_Class:65 - User clicked on Open Dealer 
2026-09-21 16:27:53 INFO  FCA_Test_Class:68 - User clicked on Show All Dealer 
2026-09-21 16:27:53 INFO  FCA_Test_Class:70 - User clicked on Show Less Dealer 
2026-09-21 16:27:53 INFO  FCA_Test_Class:72 - User clicked on Dealer Checkbox 
2026-09-21 16:27:53 INFO  FCA_Test_Class:74 - User unchecked on Dealer Checkbox 
2026-09-21 16:27:53 INFO  FCA_Test_Class:68 - User clicked on Show All Dealer 
2026-09-21 16:27:53 INFO  FCA_Test_Class:76 - User clicked on Open Year section 
2026-09-21 16:27:53 INFO  FCA_Test_Class:70 - User clicked on Show Less Dealer 
2026-09-21 16:27:53 INFO  FCA_Test_Class:72 - User clicked on Dealer Checkbox 
2026-09-21 16:27:53 INFO  FCA_Test_Class:74 - User unchecked on Dealer Checkbox 
2026-09-21 16:27:54 INFO  FCA_Test_Class:76 - User clicked on Open Year section 
2026-09-21 16:27:56 INFO  FCA_Test_Class:79 - User clicked on Value1 
2026-09-21 16:27:56 INFO  FCA_Test_Class:81 - User clicked on Value2 
2026-09-21 16:27:57 INFO  FCA_Test_Class:83 - User clicked on Value3 
2026-09-21 16:27:57 INFO  FCA_Test_Class:85 - User clicked on Close Year 
2026-09-21 16:27:57 INFO  FCA_Test_Class:79 - User clicked on Value1 
2026-09-21 16:27:57 INFO  FCA_Test_Class:87 - User clicked on OpenDrive section 
2026-09-21 16:27:57 INFO  FCA_Test_Class:81 - User clicked on Value2 
2026-09-21 16:27:57 INFO  FCA_Test_Class:89 - User clicked on CloseDrive section 
2026-09-21 16:27:57 INFO  FCA_Test_Class:83 - User clicked on Value3 
2026-09-21 16:27:57 INFO  FCA_Test_Class:85 - User clicked on Close Year 
2026-09-21 16:27:57 INFO  FCA_Test_Class:91 - User clicked on Reset Filter 
2026-09-21 16:27:57 INFO  FCA_Test_Class:87 - User clicked on OpenDrive section 
2026-09-21 16:27:58 INFO  FCA_Test_Class:89 - User clicked on CloseDrive section 
2026-09-21 16:27:58 INFO  FCA_Test_Class:91 - User clicked on Reset Filter 
2026-09-21 16:27:59 INFO  FCA_Test_Class:94 - User clicked on Continue Shopping 
2026-09-21 16:27:59 INFO  FCA_Test_Class:95 - Redirected to VDP Page
2026-09-21 16:28:00 INFO  FCA_Test_Class:94 - User clicked on Continue Shopping 
2026-09-21 16:28:00 INFO  FCA_Test_Class:95 - Redirected to VDP Page
2026-09-21 16:28:14 INFO  FCA_Test_Class:103 - User closed on Initial PopUp 
2026-09-21 16:28:14 INFO  FCA_Test_Class:103 - User closed on Initial PopUp 
2026-09-21 16:28:14 INFO  FCA_Test_Class:105 - User clicked on CASH TAB 
2026-09-21 16:28:14 INFO  FCA_Test_Class:105 - User clicked on CASH TAB 
2026-09-21 16:28:15 INFO  FCA_Test_Class:107 - User clicked on OpenTest Drive section 
2026-09-21 16:28:15 INFO  FCA_Test_Class:107 - User clicked on OpenTest Drive section 
2026-09-21 16:28:15 INFO  FCA_Test_Class:109 - User clicked on CloseTest Drive section 
2026-09-21 16:28:15 INFO  FCA_Test_Class:109 - User clicked on CloseTest Drive section 
2026-09-21 16:28:16 INFO  FCA_Test_Class:111 - User clicked on Payment Calculator section 
2026-09-21 16:28:16 INFO  FCA_Test_Class:111 - User clicked on Payment Calculator section 
2026-09-21 16:28:17 INFO  FCA_Test_Class:113 - User clicked on Continue 
2026-09-21 16:28:17 INFO  FCA_Test_Class:113 - User clicked on Continue 
2026-09-21 16:28:20 INFO  FCA_Test_Class:116 - User clicked on Closed Payment Calculator section 
2026-09-21 16:28:20 INFO  FCA_Test_Class:116 - User clicked on Closed Payment Calculator section 
2026-09-21 16:28:20 INFO  FCA_Test_Class:118 - User clicked on TradeIN section 
2026-09-21 16:28:20 INFO  FCA_Test_Class:118 - User clicked on TradeIN section 
2026-09-21 16:28:20 INFO  FCA_Test_Class:120 - User clicked on Service & Protection section 
2026-09-21 16:28:20 INFO  FCA_Test_Class:120 - User clicked on Service & Protection section 
2026-09-21 16:28:20 INFO  FCA_Test_Class:122 - User clicked on Delivery Review & Submit section 
2026-09-21 16:28:20 INFO  FCA_Test_Class:123 - User Reached till DRS TAB
2026-09-21 16:28:20 INFO  FCA_Test_Class:122 - User clicked on Delivery Review & Submit section 
2026-09-21 16:28:20 INFO  FCA_Test_Class:123 - User Reached till DRS TAB
2026-09-21 16:32:27 INFO  FCA_Test_Class:16 - User Landed to FCA Certified Home Page
2026-09-21 16:32:27 INFO  FCA_Test_Class:19 - User clicked on Cookie Popup
2026-09-21 16:32:27 INFO  FCA_Test_Class:16 - User Landed to FCA Certified Home Page
2026-09-21 16:32:27 INFO  FCA_Test_Class:19 - User clicked on Cookie Popup
2026-09-21 16:32:27 INFO  FCA_Test_Class:21 - User clicked on Zip Code Field
2026-09-21 16:32:27 INFO  FCA_Test_Class:23 - User entered the Zip Code
2026-09-21 16:32:27 INFO  FCA_Test_Class:21 - User clicked on Zip Code Field
2026-09-21 16:32:27 INFO  FCA_Test_Class:23 - User entered the Zip Code
2026-09-21 16:32:28 INFO  FCA_Test_Class:25 - User clicked on Brand Logos
2026-09-21 16:32:28 INFO  FCA_Test_Class:25 - User clicked on Brand Logos
2026-09-21 16:32:35 INFO  FCA_Test_Class:27 - User clicked on Submit Button
2026-09-21 16:32:35 INFO  FCA_Test_Class:28 - Redirected to SNI Page
2026-09-21 16:32:35 INFO  FCA_Test_Class:37 - User clicked on Cookie Popup 
2026-09-21 16:32:35 INFO  FCA_Test_Class:39 - User clicked on GoCPOV checkbox 
2026-09-21 16:32:35 INFO  FCA_Test_Class:27 - User clicked on Submit Button
2026-09-21 16:32:35 INFO  FCA_Test_Class:28 - Redirected to SNI Page
2026-09-21 16:32:35 INFO  FCA_Test_Class:41 - User clicked on CPOV checkbox 
2026-09-21 16:32:36 INFO  FCA_Test_Class:37 - User clicked on Cookie Popup 
2026-09-21 16:32:36 INFO  FCA_Test_Class:43 - User clicked on GoCPOV checkbox 
2026-09-21 16:32:36 INFO  FCA_Test_Class:39 - User clicked on GoCPOV checkbox 
2026-09-21 16:32:36 INFO  FCA_Test_Class:45 - User clicked on ZipCode Text Box 
2026-09-21 16:32:36 INFO  FCA_Test_Class:47 - User cleared the ZipCode 
2026-09-21 16:32:36 INFO  FCA_Test_Class:41 - User clicked on CPOV checkbox 
2026-09-21 16:32:36 INFO  FCA_Test_Class:49 - User clicked on Enter the Zip Code 
2026-09-21 16:32:36 INFO  FCA_Test_Class:43 - User clicked on GoCPOV checkbox 
2026-09-21 16:32:36 INFO  FCA_Test_Class:45 - User clicked on ZipCode Text Box 
2026-09-21 16:32:36 INFO  FCA_Test_Class:47 - User cleared the ZipCode 
2026-09-21 16:32:36 INFO  FCA_Test_Class:49 - User clicked on Enter the Zip Code 
2026-09-21 16:32:39 INFO  FCA_Test_Class:51 - User clicked on Update button to update the Zip Code 
2026-09-21 16:32:39 INFO  FCA_Test_Class:53 - User clicked on Partial Matches 
2026-09-21 16:32:39 INFO  FCA_Test_Class:51 - User clicked on Update button to update the Zip Code 
2026-09-21 16:32:39 INFO  FCA_Test_Class:55 - User clicked on Exact Matches 
2026-09-21 16:32:39 INFO  FCA_Test_Class:57 - User clicked on SortBy functionality 
2026-09-21 16:32:39 INFO  FCA_Test_Class:53 - User clicked on Partial Matches 
2026-09-21 16:32:39 INFO  FCA_Test_Class:59 - User selected value 1 
2026-09-21 16:32:39 INFO  FCA_Test_Class:61 - User selected value 2 
2026-09-21 16:32:40 INFO  FCA_Test_Class:55 - User clicked on Exact Matches 
2026-09-21 16:32:40 INFO  FCA_Test_Class:63 - User selected value 3 
2026-09-21 16:32:40 INFO  FCA_Test_Class:57 - User clicked on SortBy functionality 
2026-09-21 16:32:40 INFO  FCA_Test_Class:65 - User clicked on Open Dealer 
2026-09-21 16:32:40 INFO  FCA_Test_Class:59 - User selected value 1 
2026-09-21 16:32:40 INFO  FCA_Test_Class:61 - User selected value 2 
2026-09-21 16:32:40 INFO  FCA_Test_Class:63 - User selected value 3 
2026-09-21 16:32:40 INFO  FCA_Test_Class:65 - User clicked on Open Dealer 
2026-09-21 16:32:43 INFO  FCA_Test_Class:68 - User clicked on Show All Dealer 
2026-09-21 16:32:43 INFO  FCA_Test_Class:70 - User clicked on Show Less Dealer 
2026-09-21 16:32:43 INFO  FCA_Test_Class:72 - User clicked on Dealer Checkbox 
2026-09-21 16:32:43 INFO  FCA_Test_Class:68 - User clicked on Show All Dealer 
2026-09-21 16:32:43 INFO  FCA_Test_Class:74 - User unchecked on Dealer Checkbox 
2026-09-21 16:32:43 INFO  FCA_Test_Class:70 - User clicked on Show Less Dealer 
2026-09-21 16:32:43 INFO  FCA_Test_Class:76 - User clicked on Open Year section 
2026-09-21 16:32:43 INFO  FCA_Test_Class:72 - User clicked on Dealer Checkbox 
2026-09-21 16:32:43 INFO  FCA_Test_Class:74 - User unchecked on Dealer Checkbox 
2026-09-21 16:32:44 INFO  FCA_Test_Class:76 - User clicked on Open Year section 
2026-09-21 16:32:46 INFO  FCA_Test_Class:79 - User clicked on Value1 
2026-09-21 16:32:46 INFO  FCA_Test_Class:81 - User clicked on Value2 
2026-09-21 16:32:47 INFO  FCA_Test_Class:83 - User clicked on Value3 
2026-09-21 16:32:47 INFO  FCA_Test_Class:85 - User clicked on Close Year 
2026-09-21 16:32:47 INFO  FCA_Test_Class:79 - User clicked on Value1 
2026-09-21 16:32:47 INFO  FCA_Test_Class:87 - User clicked on OpenDrive section 
2026-09-21 16:32:47 INFO  FCA_Test_Class:81 - User clicked on Value2 
2026-09-21 16:32:47 INFO  FCA_Test_Class:89 - User clicked on CloseDrive section 
2026-09-21 16:32:47 INFO  FCA_Test_Class:83 - User clicked on Value3 
2026-09-21 16:32:47 INFO  FCA_Test_Class:91 - User clicked on Reset Filter 
2026-09-21 16:32:47 INFO  FCA_Test_Class:85 - User clicked on Close Year 
2026-09-21 16:32:47 INFO  FCA_Test_Class:87 - User clicked on OpenDrive section 
2026-09-21 16:32:47 INFO  FCA_Test_Class:89 - User clicked on CloseDrive section 
2026-09-21 16:32:47 INFO  FCA_Test_Class:91 - User clicked on Reset Filter 
2026-09-21 16:32:49 INFO  FCA_Test_Class:94 - User clicked on Continue Shopping 
2026-09-21 16:32:49 INFO  FCA_Test_Class:95 - Redirected to VDP Page
2026-09-21 16:32:49 INFO  FCA_Test_Class:94 - User clicked on Continue Shopping 
2026-09-21 16:32:49 INFO  FCA_Test_Class:95 - Redirected to VDP Page
2026-09-21 16:33:06 INFO  FCA_Test_Class:103 - User closed on Initial PopUp 
2026-09-21 16:33:06 INFO  FCA_Test_Class:103 - User closed on Initial PopUp 
2026-09-21 16:33:06 INFO  FCA_Test_Class:105 - User clicked on CASH TAB 
2026-09-21 16:33:06 INFO  FCA_Test_Class:105 - User clicked on CASH TAB 
2026-09-21 16:33:07 INFO  FCA_Test_Class:107 - User clicked on OpenTest Drive section 
2026-09-21 16:33:07 INFO  FCA_Test_Class:107 - User clicked on OpenTest Drive section 
2026-09-21 16:33:07 INFO  FCA_Test_Class:109 - User clicked on CloseTest Drive section 
2026-09-21 16:33:07 INFO  FCA_Test_Class:109 - User clicked on CloseTest Drive section 
2026-09-21 16:33:08 INFO  FCA_Test_Class:111 - User clicked on Payment Calculator section 
2026-09-21 16:33:08 INFO  FCA_Test_Class:111 - User clicked on Payment Calculator section 
2026-09-21 16:33:08 INFO  FCA_Test_Class:113 - User clicked on Continue 
2026-09-21 16:33:08 INFO  FCA_Test_Class:113 - User clicked on Continue 
2026-09-21 16:33:11 INFO  FCA_Test_Class:116 - User clicked on Closed Payment Calculator section 
2026-09-21 16:33:12 INFO  FCA_Test_Class:116 - User clicked on Closed Payment Calculator section 
2026-09-21 16:33:12 INFO  FCA_Test_Class:118 - User clicked on TradeIN section 
2026-09-21 16:33:12 INFO  FCA_Test_Class:118 - User clicked on TradeIN section 
2026-09-21 16:33:12 INFO  FCA_Test_Class:120 - User clicked on Service & Protection section 
2026-09-21 16:33:12 INFO  FCA_Test_Class:120 - User clicked on Service & Protection section 
2026-09-21 16:33:12 INFO  FCA_Test_Class:122 - User clicked on Delivery Review & Submit section 
2026-09-21 16:33:12 INFO  FCA_Test_Class:123 - User Reached till DRS TAB
2026-09-21 16:33:12 INFO  FCA_Test_Class:122 - User clicked on Delivery Review & Submit section 
2026-09-21 16:33:12 INFO  FCA_Test_Class:123 - User Reached till DRS TAB
2026-09-21 16:36:39 INFO  FCA_Test_Class:16 - User Landed to FCA Certified Home Page
2026-09-21 16:36:39 INFO  FCA_Test_Class:19 - User clicked on Cookie Popup
2026-09-21 16:36:39 INFO  FCA_Test_Class:16 - User Landed to FCA Certified Home Page
2026-09-21 16:36:39 INFO  FCA_Test_Class:19 - User clicked on Cookie Popup
2026-09-21 16:36:39 INFO  FCA_Test_Class:21 - User clicked on Zip Code Field
2026-09-21 16:36:40 INFO  FCA_Test_Class:23 - User entered the Zip Code
2026-09-21 16:36:40 INFO  FCA_Test_Class:21 - User clicked on Zip Code Field
2026-09-21 16:36:40 INFO  FCA_Test_Class:23 - User entered the Zip Code
2026-09-21 16:36:40 INFO  FCA_Test_Class:25 - User clicked on Brand Logos
2026-09-21 16:36:40 INFO  FCA_Test_Class:25 - User clicked on Brand Logos
2026-09-21 16:36:46 INFO  FCA_Test_Class:27 - User clicked on Submit Button
2026-09-21 16:36:46 INFO  FCA_Test_Class:28 - Redirected to SNI Page
2026-09-21 16:36:46 INFO  FCA_Test_Class:27 - User clicked on Submit Button
2026-09-21 16:36:46 INFO  FCA_Test_Class:28 - Redirected to SNI Page
2026-09-21 16:36:46 INFO  FCA_Test_Class:37 - User clicked on Cookie Popup 
2026-09-21 16:36:47 INFO  FCA_Test_Class:39 - User clicked on GoCPOV checkbox 
2026-09-21 16:36:47 INFO  FCA_Test_Class:37 - User clicked on Cookie Popup 
2026-09-21 16:36:47 INFO  FCA_Test_Class:41 - User clicked on CPOV checkbox 
2026-09-21 16:36:47 INFO  FCA_Test_Class:39 - User clicked on GoCPOV checkbox 
2026-09-21 16:36:47 INFO  FCA_Test_Class:43 - User clicked on GoCPOV checkbox 
2026-09-21 16:36:47 INFO  FCA_Test_Class:41 - User clicked on CPOV checkbox 
2026-09-21 16:36:47 INFO  FCA_Test_Class:45 - User clicked on ZipCode Text Box 
2026-09-21 16:36:47 INFO  FCA_Test_Class:43 - User clicked on GoCPOV checkbox 
2026-09-21 16:36:47 INFO  FCA_Test_Class:47 - User cleared the ZipCode 
2026-09-21 16:36:47 INFO  FCA_Test_Class:49 - User clicked on Enter the Zip Code 
2026-09-21 16:36:47 INFO  FCA_Test_Class:45 - User clicked on ZipCode Text Box 
2026-09-21 16:36:47 INFO  FCA_Test_Class:47 - User cleared the ZipCode 
2026-09-21 16:36:47 INFO  FCA_Test_Class:49 - User clicked on Enter the Zip Code 
2026-09-21 16:36:48 INFO  FCA_Test_Class:51 - User clicked on Update button to update the Zip Code 
2026-09-21 16:36:49 INFO  FCA_Test_Class:53 - User clicked on Partial Matches 
2026-09-21 16:36:49 INFO  FCA_Test_Class:51 - User clicked on Update button to update the Zip Code 
2026-09-21 16:36:49 INFO  FCA_Test_Class:55 - User clicked on Exact Matches 
2026-09-21 16:36:49 INFO  FCA_Test_Class:53 - User clicked on Partial Matches 
2026-09-21 16:36:49 INFO  FCA_Test_Class:57 - User clicked on SortBy functionality 
2026-09-21 16:36:49 INFO  FCA_Test_Class:55 - User clicked on Exact Matches 
2026-09-21 16:36:49 INFO  FCA_Test_Class:59 - User selected value 1 
2026-09-21 16:36:49 INFO  FCA_Test_Class:61 - User selected value 2 
2026-09-21 16:36:49 INFO  FCA_Test_Class:57 - User clicked on SortBy functionality 
2026-09-21 16:36:49 INFO  FCA_Test_Class:63 - User selected value 3 
2026-09-21 16:36:49 INFO  FCA_Test_Class:59 - User selected value 1 
2026-09-21 16:36:49 INFO  FCA_Test_Class:65 - User clicked on Open Dealer 
2026-09-21 16:36:49 INFO  FCA_Test_Class:61 - User selected value 2 
2026-09-21 16:36:49 INFO  FCA_Test_Class:63 - User selected value 3 
2026-09-21 16:36:49 INFO  FCA_Test_Class:65 - User clicked on Open Dealer 
2026-09-21 16:36:52 INFO  FCA_Test_Class:68 - User clicked on Show All Dealer 
2026-09-21 16:36:53 INFO  FCA_Test_Class:68 - User clicked on Show All Dealer 
2026-09-21 16:36:53 INFO  FCA_Test_Class:70 - User clicked on Show Less Dealer 
2026-09-21 16:36:53 INFO  FCA_Test_Class:70 - User clicked on Show Less Dealer 
2026-09-21 16:36:53 INFO  FCA_Test_Class:72 - User clicked on Dealer Checkbox 
2026-09-21 16:36:53 INFO  FCA_Test_Class:74 - User unchecked on Dealer Checkbox 
2026-09-21 16:36:53 INFO  FCA_Test_Class:72 - User clicked on Dealer Checkbox 
2026-09-21 16:36:53 INFO  FCA_Test_Class:76 - User clicked on Open Year section 
2026-09-21 16:36:53 INFO  FCA_Test_Class:74 - User unchecked on Dealer Checkbox 
2026-09-21 16:36:53 INFO  FCA_Test_Class:76 - User clicked on Open Year section 
2026-09-21 16:36:56 INFO  FCA_Test_Class:79 - User clicked on Value1 
2026-09-21 16:36:56 INFO  FCA_Test_Class:81 - User clicked on Value2 
2026-09-21 16:36:56 INFO  FCA_Test_Class:79 - User clicked on Value1 
2026-09-21 16:36:56 INFO  FCA_Test_Class:83 - User clicked on Value3 
2026-09-21 16:36:57 INFO  FCA_Test_Class:81 - User clicked on Value2 
2026-09-21 16:36:57 INFO  FCA_Test_Class:85 - User clicked on Close Year 
2026-09-21 16:36:57 INFO  FCA_Test_Class:83 - User clicked on Value3 
2026-09-21 16:36:57 INFO  FCA_Test_Class:87 - User clicked on OpenDrive section 
2026-09-21 16:36:57 INFO  FCA_Test_Class:85 - User clicked on Close Year 
2026-09-21 16:36:57 INFO  FCA_Test_Class:89 - User clicked on CloseDrive section 
2026-09-21 16:36:57 INFO  FCA_Test_Class:87 - User clicked on OpenDrive section 
2026-09-21 16:36:57 INFO  FCA_Test_Class:91 - User clicked on Reset Filter 
2026-09-21 16:36:57 INFO  FCA_Test_Class:89 - User clicked on CloseDrive section 
2026-09-21 16:36:58 INFO  FCA_Test_Class:91 - User clicked on Reset Filter 
2026-09-21 16:36:59 INFO  FCA_Test_Class:94 - User clicked on Continue Shopping 
2026-09-21 16:36:59 INFO  FCA_Test_Class:95 - Redirected to VDP Page
2026-09-21 16:37:00 INFO  FCA_Test_Class:94 - User clicked on Continue Shopping 
2026-09-21 16:37:00 INFO  FCA_Test_Class:95 - Redirected to VDP Page
2026-09-21 16:37:15 INFO  FCA_Test_Class:103 - User closed on Initial PopUp 
2026-09-21 16:37:15 INFO  FCA_Test_Class:103 - User closed on Initial PopUp 
2026-09-21 16:37:16 INFO  FCA_Test_Class:105 - User clicked on CASH TAB 
2026-09-21 16:37:16 INFO  FCA_Test_Class:105 - User clicked on CASH TAB 
2026-09-21 16:37:16 INFO  FCA_Test_Class:107 - User clicked on OpenTest Drive section 
2026-09-21 16:37:16 INFO  FCA_Test_Class:107 - User clicked on OpenTest Drive section 
2026-09-21 16:37:17 INFO  FCA_Test_Class:109 - User clicked on CloseTest Drive section 
2026-09-21 16:37:17 INFO  FCA_Test_Class:109 - User clicked on CloseTest Drive section 
2026-09-21 16:37:18 INFO  FCA_Test_Class:111 - User clicked on Payment Calculator section 
2026-09-21 16:37:18 INFO  FCA_Test_Class:113 - User clicked on Continue 
2026-09-21 16:37:18 INFO  FCA_Test_Class:111 - User clicked on Payment Calculator section 
2026-09-21 16:37:18 INFO  FCA_Test_Class:113 - User clicked on Continue 
2026-09-21 16:37:21 INFO  FCA_Test_Class:116 - User clicked on Closed Payment Calculator section 
2026-09-21 16:37:21 INFO  FCA_Test_Class:116 - User clicked on Closed Payment Calculator section 
2026-09-21 16:37:21 INFO  FCA_Test_Class:118 - User clicked on TradeIN section 
2026-09-21 16:37:21 INFO  FCA_Test_Class:120 - User clicked on Service & Protection section 
2026-09-21 16:37:21 INFO  FCA_Test_Class:122 - User clicked on Delivery Review & Submit section 
2026-09-21 16:37:21 INFO  FCA_Test_Class:123 - User Reached till DRS TAB
2026-09-21 16:37:21 INFO  FCA_Test_Class:118 - User clicked on TradeIN section 
2026-09-21 16:37:22 INFO  FCA_Test_Class:120 - User clicked on Service & Protection section 
2026-09-21 16:37:22 INFO  FCA_Test_Class:122 - User clicked on Delivery Review & Submit section 
2026-09-21 16:37:22 INFO  FCA_Test_Class:123 - User Reached till DRS TAB
2026-09-21 16:41:35 INFO  FCA_Test_Class:16 - User Landed to FCA Certified Home Page
2026-09-21 16:41:35 INFO  FCA_Test_Class:19 - User clicked on Cookie Popup
2026-09-21 16:41:35 INFO  FCA_Test_Class:16 - User Landed to FCA Certified Home Page
2026-09-21 16:41:35 INFO  FCA_Test_Class:19 - User clicked on Cookie Popup
2026-09-21 16:41:35 INFO  FCA_Test_Class:21 - User clicked on Zip Code Field
2026-09-21 16:41:36 INFO  FCA_Test_Class:23 - User entered the Zip Code
2026-09-21 16:41:36 INFO  FCA_Test_Class:21 - User clicked on Zip Code Field
2026-09-21 16:41:36 INFO  FCA_Test_Class:23 - User entered the Zip Code
2026-09-21 16:41:36 INFO  FCA_Test_Class:25 - User clicked on Brand Logos
2026-09-21 16:41:36 INFO  FCA_Test_Class:25 - User clicked on Brand Logos
2026-09-21 16:41:41 INFO  FCA_Test_Class:27 - User clicked on Submit Button
2026-09-21 16:41:41 INFO  FCA_Test_Class:28 - Redirected to SNI Page
2026-09-21 16:41:41 INFO  FCA_Test_Class:27 - User clicked on Submit Button
2026-09-21 16:41:41 INFO  FCA_Test_Class:28 - Redirected to SNI Page
2026-09-21 16:41:41 INFO  FCA_Test_Class:37 - User clicked on Cookie Popup 
2026-09-21 16:41:41 INFO  FCA_Test_Class:37 - User clicked on Cookie Popup 
2026-09-21 16:41:41 INFO  FCA_Test_Class:39 - User clicked on GoCPOV checkbox 
2026-09-21 16:41:41 INFO  FCA_Test_Class:39 - User clicked on GoCPOV checkbox 
2026-09-21 16:41:42 INFO  FCA_Test_Class:41 - User clicked on CPOV checkbox 
2026-09-21 16:41:42 INFO  FCA_Test_Class:41 - User clicked on CPOV checkbox 
2026-09-21 16:41:42 INFO  FCA_Test_Class:43 - User clicked on GoCPOV checkbox 
2026-09-21 16:41:42 INFO  FCA_Test_Class:43 - User clicked on GoCPOV checkbox 
2026-09-21 16:41:42 INFO  FCA_Test_Class:45 - User clicked on ZipCode Text Box 
2026-09-21 16:41:42 INFO  FCA_Test_Class:45 - User clicked on ZipCode Text Box 
2026-09-21 16:41:42 INFO  FCA_Test_Class:47 - User cleared the ZipCode 
2026-09-21 16:41:42 INFO  FCA_Test_Class:47 - User cleared the ZipCode 
2026-09-21 16:41:42 INFO  FCA_Test_Class:49 - User clicked on Enter the Zip Code 
2026-09-21 16:41:42 INFO  FCA_Test_Class:49 - User clicked on Enter the Zip Code 
2026-09-21 16:41:43 INFO  FCA_Test_Class:51 - User clicked on Update button to update the Zip Code 
2026-09-21 16:41:43 INFO  FCA_Test_Class:51 - User clicked on Update button to update the Zip Code 
2026-09-21 16:41:44 INFO  FCA_Test_Class:53 - User clicked on Partial Matches 
2026-09-21 16:41:44 INFO  FCA_Test_Class:53 - User clicked on Partial Matches 
2026-09-21 16:41:44 INFO  FCA_Test_Class:55 - User clicked on Exact Matches 
2026-09-21 16:41:44 INFO  FCA_Test_Class:55 - User clicked on Exact Matches 
2026-09-21 16:41:44 INFO  FCA_Test_Class:57 - User clicked on SortBy functionality 
2026-09-21 16:41:44 INFO  FCA_Test_Class:57 - User clicked on SortBy functionality 
2026-09-21 16:41:44 INFO  FCA_Test_Class:59 - User selected value 1 
2026-09-21 16:41:44 INFO  FCA_Test_Class:59 - User selected value 1 
2026-09-21 16:41:44 INFO  FCA_Test_Class:61 - User selected value 2 
2026-09-21 16:41:44 INFO  FCA_Test_Class:61 - User selected value 2 
2026-09-21 16:41:44 INFO  FCA_Test_Class:63 - User selected value 3 
2026-09-21 16:41:44 INFO  FCA_Test_Class:63 - User selected value 3 
2026-09-21 16:41:44 INFO  FCA_Test_Class:65 - User clicked on Open Dealer 
2026-09-21 16:41:44 INFO  FCA_Test_Class:65 - User clicked on Open Dealer 
2026-09-21 16:41:47 INFO  FCA_Test_Class:68 - User clicked on Show All Dealer 
2026-09-21 16:41:47 INFO  FCA_Test_Class:68 - User clicked on Show All Dealer 
2026-09-21 16:41:47 INFO  FCA_Test_Class:70 - User clicked on Show Less Dealer 
2026-09-21 16:41:48 INFO  FCA_Test_Class:70 - User clicked on Show Less Dealer 
2026-09-21 16:41:48 INFO  FCA_Test_Class:72 - User clicked on Dealer Checkbox 
2026-09-21 16:41:48 INFO  FCA_Test_Class:72 - User clicked on Dealer Checkbox 
2026-09-21 16:41:48 INFO  FCA_Test_Class:74 - User unchecked on Dealer Checkbox 
2026-09-21 16:41:48 INFO  FCA_Test_Class:74 - User unchecked on Dealer Checkbox 
2026-09-21 16:41:48 INFO  FCA_Test_Class:76 - User clicked on Open Year section 
2026-09-21 16:41:48 INFO  FCA_Test_Class:76 - User clicked on Open Year section 
2026-09-21 16:41:51 INFO  FCA_Test_Class:79 - User clicked on Value1 
2026-09-21 16:41:51 INFO  FCA_Test_Class:79 - User clicked on Value1 
2026-09-21 16:41:51 INFO  FCA_Test_Class:81 - User clicked on Value2 
2026-09-21 16:41:51 INFO  FCA_Test_Class:81 - User clicked on Value2 
2026-09-21 16:41:51 INFO  FCA_Test_Class:83 - User clicked on Value3 
2026-09-21 16:41:51 INFO  FCA_Test_Class:85 - User clicked on Close Year 
2026-09-21 16:41:51 INFO  FCA_Test_Class:83 - User clicked on Value3 
2026-09-21 16:41:52 INFO  FCA_Test_Class:87 - User clicked on OpenDrive section 
2026-09-21 16:41:52 INFO  FCA_Test_Class:85 - User clicked on Close Year 
2026-09-21 16:41:52 INFO  FCA_Test_Class:89 - User clicked on CloseDrive section 
2026-09-21 16:41:52 INFO  FCA_Test_Class:87 - User clicked on OpenDrive section 
2026-09-21 16:41:52 INFO  FCA_Test_Class:91 - User clicked on Reset Filter 
2026-09-21 16:41:52 INFO  FCA_Test_Class:89 - User clicked on CloseDrive section 
2026-09-21 16:41:52 INFO  FCA_Test_Class:91 - User clicked on Reset Filter 
2026-09-21 16:41:54 INFO  FCA_Test_Class:94 - User clicked on Continue Shopping 
2026-09-21 16:41:54 INFO  FCA_Test_Class:95 - Redirected to VDP Page
2026-09-21 16:41:54 INFO  FCA_Test_Class:94 - User clicked on Continue Shopping 
2026-09-21 16:41:54 INFO  FCA_Test_Class:95 - Redirected to VDP Page
2026-09-21 16:42:08 INFO  FCA_Test_Class:103 - User closed on Initial PopUp 
2026-09-21 16:42:08 INFO  FCA_Test_Class:103 - User closed on Initial PopUp 
2026-09-21 16:42:08 INFO  FCA_Test_Class:105 - User clicked on CASH TAB 
2026-09-21 16:42:09 INFO  FCA_Test_Class:105 - User clicked on CASH TAB 
2026-09-21 16:42:09 INFO  FCA_Test_Class:107 - User clicked on OpenTest Drive section 
2026-09-21 16:42:09 INFO  FCA_Test_Class:107 - User clicked on OpenTest Drive section 
2026-09-21 16:42:09 INFO  FCA_Test_Class:109 - User clicked on CloseTest Drive section 
2026-09-21 16:42:09 INFO  FCA_Test_Class:109 - User clicked on CloseTest Drive section 
2026-09-21 16:42:10 INFO  FCA_Test_Class:111 - User clicked on Payment Calculator section 
2026-09-21 16:42:10 INFO  FCA_Test_Class:113 - User clicked on Continue 
2026-09-21 16:42:10 INFO  FCA_Test_Class:111 - User clicked on Payment Calculator section 
2026-09-21 16:42:10 INFO  FCA_Test_Class:113 - User clicked on Continue 
2026-09-21 16:42:13 INFO  FCA_Test_Class:116 - User clicked on Closed Payment Calculator section 
2026-09-21 16:42:13 INFO  FCA_Test_Class:116 - User clicked on Closed Payment Calculator section 
2026-09-21 16:42:13 INFO  FCA_Test_Class:118 - User clicked on TradeIN section 
2026-09-21 16:42:13 INFO  FCA_Test_Class:120 - User clicked on Service & Protection section 
2026-09-21 16:42:13 INFO  FCA_Test_Class:122 - User clicked on Delivery Review & Submit section 
2026-09-21 16:42:13 INFO  FCA_Test_Class:123 - User Reached till DRS TAB
2026-09-21 16:42:14 INFO  FCA_Test_Class:118 - User clicked on TradeIN section 
2026-09-21 16:42:14 INFO  FCA_Test_Class:120 - User clicked on Service & Protection section 
2026-09-21 16:42:14 INFO  FCA_Test_Class:122 - User clicked on Delivery Review & Submit section 
2026-09-21 16:42:14 INFO  FCA_Test_Class:123 - User Reached till DRS TAB
2026-09-22 16:43:28 INFO  FCA_Test_Class:16 - User Landed to FCA Certified Home Page
2026-09-22 16:43:28 INFO  FCA_Test_Class:16 - User Landed to FCA Certified Home Page
2026-09-22 16:43:28 INFO  FCA_Test_Class:19 - User clicked on Cookie Popup
2026-09-22 16:43:28 INFO  FCA_Test_Class:19 - User clicked on Cookie Popup
2026-09-22 16:43:28 INFO  FCA_Test_Class:21 - User clicked on Zip Code Field
2026-09-22 16:43:28 INFO  FCA_Test_Class:23 - User entered the Zip Code
2026-09-22 16:43:28 INFO  FCA_Test_Class:21 - User clicked on Zip Code Field
2026-09-22 16:43:28 INFO  FCA_Test_Class:23 - User entered the Zip Code
2026-09-22 16:43:28 INFO  FCA_Test_Class:25 - User clicked on Brand Logos
2026-09-22 16:43:29 INFO  FCA_Test_Class:25 - User clicked on Brand Logos
2026-09-22 16:43:35 INFO  FCA_Test_Class:27 - User clicked on Submit Button
2026-09-22 16:43:35 INFO  FCA_Test_Class:28 - Redirected to SNI Page
2026-09-22 16:43:35 INFO  FCA_Test_Class:27 - User clicked on Submit Button
2026-09-22 16:43:35 INFO  FCA_Test_Class:28 - Redirected to SNI Page
2026-09-22 16:43:35 INFO  FCA_Test_Class:37 - User clicked on Cookie Popup 
2026-09-22 16:43:35 INFO  FCA_Test_Class:37 - User clicked on Cookie Popup 
2026-09-22 16:43:35 INFO  FCA_Test_Class:39 - User clicked on GoCPOV checkbox 
2026-09-22 16:43:35 INFO  FCA_Test_Class:39 - User clicked on GoCPOV checkbox 
2026-09-22 16:43:35 INFO  FCA_Test_Class:41 - User clicked on CPOV checkbox 
2026-09-22 16:43:35 INFO  FCA_Test_Class:41 - User clicked on CPOV checkbox 
2026-09-22 16:43:36 INFO  FCA_Test_Class:43 - User clicked on GoCPOV checkbox 
2026-09-22 16:43:36 INFO  FCA_Test_Class:43 - User clicked on GoCPOV checkbox 
2026-09-22 16:43:36 INFO  FCA_Test_Class:45 - User clicked on ZipCode Text Box 
2026-09-22 16:43:36 INFO  FCA_Test_Class:47 - User cleared the ZipCode 
2026-09-22 16:43:36 INFO  FCA_Test_Class:45 - User clicked on ZipCode Text Box 
2026-09-22 16:43:36 INFO  FCA_Test_Class:49 - User clicked on Enter the Zip Code 
2026-09-22 16:43:36 INFO  FCA_Test_Class:47 - User cleared the ZipCode 
2026-09-22 16:43:36 INFO  FCA_Test_Class:49 - User clicked on Enter the Zip Code 
2026-09-22 16:43:48 INFO  FCA_Test_Class:51 - User clicked on Update button to update the Zip Code 
2026-09-22 16:43:49 INFO  FCA_Test_Class:53 - User clicked on Partial Matches 
2026-09-22 16:43:49 INFO  FCA_Test_Class:55 - User clicked on Exact Matches 
2026-09-22 16:43:49 INFO  FCA_Test_Class:57 - User clicked on SortBy functionality 
2026-09-22 16:43:49 INFO  FCA_Test_Class:59 - User selected value 1 
2026-09-22 16:43:49 INFO  FCA_Test_Class:61 - User selected value 2 
2026-09-22 16:43:49 INFO  FCA_Test_Class:63 - User selected value 3 
2026-09-22 16:43:49 INFO  FCA_Test_Class:65 - User clicked on Open Dealer 
2026-09-22 16:43:51 INFO  FCA_Test_Class:51 - User clicked on Update button to update the Zip Code 
2026-09-22 16:43:52 INFO  FCA_Test_Class:53 - User clicked on Partial Matches 
2026-09-22 16:43:52 INFO  FCA_Test_Class:55 - User clicked on Exact Matches 
2026-09-22 16:43:52 INFO  FCA_Test_Class:57 - User clicked on SortBy functionality 
2026-09-22 16:43:52 INFO  FCA_Test_Class:59 - User selected value 1 
2026-09-22 16:43:52 INFO  FCA_Test_Class:61 - User selected value 2 
2026-09-22 16:43:52 INFO  FCA_Test_Class:63 - User selected value 3 
2026-09-22 16:43:52 INFO  FCA_Test_Class:65 - User clicked on Open Dealer 
2026-09-22 16:43:52 INFO  FCA_Test_Class:68 - User clicked on Show All Dealer 
2026-09-22 16:43:52 INFO  FCA_Test_Class:70 - User clicked on Show Less Dealer 
2026-09-22 16:43:52 INFO  FCA_Test_Class:72 - User clicked on Dealer Checkbox 
2026-09-22 16:43:53 INFO  FCA_Test_Class:74 - User unchecked on Dealer Checkbox 
2026-09-22 16:43:53 INFO  FCA_Test_Class:76 - User clicked on Open Year section 
2026-09-22 16:43:55 INFO  FCA_Test_Class:68 - User clicked on Show All Dealer 
2026-09-22 16:43:55 INFO  FCA_Test_Class:70 - User clicked on Show Less Dealer 
2026-09-22 16:43:55 INFO  FCA_Test_Class:72 - User clicked on Dealer Checkbox 
2026-09-22 16:43:55 INFO  FCA_Test_Class:74 - User unchecked on Dealer Checkbox 
2026-09-22 16:43:56 INFO  FCA_Test_Class:76 - User clicked on Open Year section 
2026-09-22 16:43:56 INFO  FCA_Test_Class:79 - User clicked on Value1 
2026-09-22 16:43:56 INFO  FCA_Test_Class:81 - User clicked on Value2 
2026-09-22 16:43:56 INFO  FCA_Test_Class:83 - User clicked on Value3 
2026-09-22 16:43:56 INFO  FCA_Test_Class:85 - User clicked on Close Year 
2026-09-22 16:43:56 INFO  FCA_Test_Class:87 - User clicked on OpenDrive section 
2026-09-22 16:43:56 INFO  FCA_Test_Class:89 - User clicked on CloseDrive section 
2026-09-22 16:43:56 INFO  FCA_Test_Class:91 - User clicked on Reset Filter 
2026-09-22 16:43:59 INFO  FCA_Test_Class:94 - User clicked on Continue Shopping 
2026-09-22 16:43:59 INFO  FCA_Test_Class:95 - Redirected to VDP Page
2026-09-22 16:43:59 INFO  FCA_Test_Class:79 - User clicked on Value1 
2026-09-22 16:43:59 INFO  FCA_Test_Class:81 - User clicked on Value2 
2026-09-22 16:43:59 INFO  FCA_Test_Class:83 - User clicked on Value3 
2026-09-22 16:43:59 INFO  FCA_Test_Class:85 - User clicked on Close Year 
2026-09-22 16:43:59 INFO  FCA_Test_Class:87 - User clicked on OpenDrive section 
2026-09-22 16:43:59 INFO  FCA_Test_Class:89 - User clicked on CloseDrive section 
2026-09-22 16:43:59 INFO  FCA_Test_Class:91 - User clicked on Reset Filter 
2026-09-22 16:44:01 INFO  FCA_Test_Class:94 - User clicked on Continue Shopping 
2026-09-22 16:44:01 INFO  FCA_Test_Class:95 - Redirected to VDP Page
2026-09-22 16:44:13 INFO  FCA_Test_Class:103 - User closed on Initial PopUp 
2026-09-22 16:44:14 INFO  FCA_Test_Class:105 - User clicked on CASH TAB 
2026-09-22 16:44:14 INFO  FCA_Test_Class:107 - User clicked on OpenTest Drive section 
2026-09-22 16:44:14 INFO  FCA_Test_Class:109 - User clicked on CloseTest Drive section 
2026-09-22 16:44:15 INFO  FCA_Test_Class:111 - User clicked on Payment Calculator section 
2026-09-22 16:44:15 INFO  FCA_Test_Class:113 - User clicked on Continue 
2026-09-22 16:44:16 INFO  FCA_Test_Class:103 - User closed on Initial PopUp 
2026-09-22 16:44:16 INFO  FCA_Test_Class:105 - User clicked on CASH TAB 
2026-09-22 16:44:17 INFO  FCA_Test_Class:107 - User clicked on OpenTest Drive section 
2026-09-22 16:44:17 INFO  FCA_Test_Class:109 - User clicked on CloseTest Drive section 
2026-09-22 16:44:18 INFO  FCA_Test_Class:111 - User clicked on Payment Calculator section 
2026-09-22 16:44:18 INFO  FCA_Test_Class:113 - User clicked on Continue 
2026-09-22 16:44:18 INFO  FCA_Test_Class:116 - User clicked on Closed Payment Calculator section 
2026-09-22 16:44:18 INFO  FCA_Test_Class:118 - User clicked on TradeIN section 
2026-09-22 16:44:19 INFO  FCA_Test_Class:120 - User clicked on Service & Protection section 
2026-09-22 16:44:19 INFO  FCA_Test_Class:122 - User clicked on Delivery Review & Submit section 
2026-09-22 16:44:19 INFO  FCA_Test_Class:123 - User Reached till DRS TAB
2026-09-22 16:44:21 INFO  FCA_Test_Class:116 - User clicked on Closed Payment Calculator section 
2026-09-22 16:44:21 INFO  FCA_Test_Class:118 - User clicked on TradeIN section 
2026-09-22 16:44:21 INFO  FCA_Test_Class:120 - User clicked on Service & Protection section 
2026-09-22 16:44:21 INFO  FCA_Test_Class:122 - User clicked on Delivery Review & Submit section 
2026-09-22 16:44:21 INFO  FCA_Test_Class:123 - User Reached till DRS TAB
2026-09-22 16:47:22 INFO  FCA_Test_Class:16 - User Landed to FCA Certified Home Page
2026-09-22 16:47:22 INFO  FCA_Test_Class:16 - User Landed to FCA Certified Home Page
2026-09-22 16:47:22 INFO  FCA_Test_Class:19 - User clicked on Cookie Popup
2026-09-22 16:47:22 INFO  FCA_Test_Class:19 - User clicked on Cookie Popup
2026-09-22 16:47:22 INFO  FCA_Test_Class:21 - User clicked on Zip Code Field
2026-09-22 16:47:22 INFO  FCA_Test_Class:23 - User entered the Zip Code
2026-09-22 16:47:23 INFO  FCA_Test_Class:21 - User clicked on Zip Code Field
2026-09-22 16:47:23 INFO  FCA_Test_Class:23 - User entered the Zip Code
2026-09-22 16:47:23 INFO  FCA_Test_Class:25 - User clicked on Brand Logos
2026-09-22 16:47:23 INFO  FCA_Test_Class:25 - User clicked on Brand Logos
2026-09-22 16:47:29 INFO  FCA_Test_Class:27 - User clicked on Submit Button
2026-09-22 16:47:29 INFO  FCA_Test_Class:28 - Redirected to SNI Page
2026-09-22 16:47:30 INFO  FCA_Test_Class:37 - User clicked on Cookie Popup 
2026-09-22 16:47:30 INFO  FCA_Test_Class:39 - User clicked on GoCPOV checkbox 
2026-09-22 16:47:30 INFO  FCA_Test_Class:41 - User clicked on CPOV checkbox 
2026-09-22 16:47:30 INFO  FCA_Test_Class:43 - User clicked on GoCPOV checkbox 
2026-09-22 16:47:30 INFO  FCA_Test_Class:45 - User clicked on ZipCode Text Box 
2026-09-22 16:47:30 INFO  FCA_Test_Class:27 - User clicked on Submit Button
2026-09-22 16:47:30 INFO  FCA_Test_Class:28 - Redirected to SNI Page
2026-09-22 16:47:30 INFO  FCA_Test_Class:47 - User cleared the ZipCode 
2026-09-22 16:47:30 INFO  FCA_Test_Class:37 - User clicked on Cookie Popup 
2026-09-22 16:47:30 INFO  FCA_Test_Class:49 - User clicked on Enter the Zip Code 
2026-09-22 16:47:30 INFO  FCA_Test_Class:39 - User clicked on GoCPOV checkbox 
2026-09-22 16:47:30 INFO  FCA_Test_Class:41 - User clicked on CPOV checkbox 
2026-09-22 16:47:31 INFO  FCA_Test_Class:43 - User clicked on GoCPOV checkbox 
2026-09-22 16:47:31 INFO  FCA_Test_Class:45 - User clicked on ZipCode Text Box 
2026-09-22 16:47:31 INFO  FCA_Test_Class:47 - User cleared the ZipCode 
2026-09-22 16:47:31 INFO  FCA_Test_Class:49 - User clicked on Enter the Zip Code 
2026-09-22 16:47:31 INFO  FCA_Test_Class:51 - User clicked on Update button to update the Zip Code 
2026-09-22 16:47:32 INFO  FCA_Test_Class:53 - User clicked on Partial Matches 
2026-09-22 16:47:32 INFO  FCA_Test_Class:55 - User clicked on Exact Matches 
2026-09-22 16:47:32 INFO  FCA_Test_Class:57 - User clicked on SortBy functionality 
2026-09-22 16:47:32 INFO  FCA_Test_Class:59 - User selected value 1 
2026-09-22 16:47:32 INFO  FCA_Test_Class:61 - User selected value 2 
2026-09-22 16:47:32 INFO  FCA_Test_Class:63 - User selected value 3 
2026-09-22 16:47:32 INFO  FCA_Test_Class:51 - User clicked on Update button to update the Zip Code 
2026-09-22 16:47:32 INFO  FCA_Test_Class:65 - User clicked on Open Dealer 
2026-09-22 16:47:32 INFO  FCA_Test_Class:53 - User clicked on Partial Matches 
2026-09-22 16:47:32 INFO  FCA_Test_Class:55 - User clicked on Exact Matches 
2026-09-22 16:47:33 INFO  FCA_Test_Class:57 - User clicked on SortBy functionality 
2026-09-22 16:47:33 INFO  FCA_Test_Class:59 - User selected value 1 
2026-09-22 16:47:33 INFO  FCA_Test_Class:61 - User selected value 2 
2026-09-22 16:47:33 INFO  FCA_Test_Class:63 - User selected value 3 
2026-09-22 16:47:33 INFO  FCA_Test_Class:65 - User clicked on Open Dealer 
2026-09-22 16:47:35 INFO  FCA_Test_Class:68 - User clicked on Show All Dealer 
2026-09-22 16:47:36 INFO  FCA_Test_Class:70 - User clicked on Show Less Dealer 
2026-09-22 16:47:36 INFO  FCA_Test_Class:72 - User clicked on Dealer Checkbox 
2026-09-22 16:47:36 INFO  FCA_Test_Class:74 - User unchecked on Dealer Checkbox 
2026-09-22 16:47:36 INFO  FCA_Test_Class:68 - User clicked on Show All Dealer 
2026-09-22 16:47:36 INFO  FCA_Test_Class:76 - User clicked on Open Year section 
2026-09-22 16:47:39 INFO  FCA_Test_Class:79 - User clicked on Value1 
2026-09-22 16:47:39 INFO  FCA_Test_Class:81 - User clicked on Value2 
2026-09-22 16:47:39 INFO  FCA_Test_Class:83 - User clicked on Value3 
2026-09-22 16:47:40 INFO  FCA_Test_Class:85 - User clicked on Close Year 
2026-09-22 16:47:40 INFO  FCA_Test_Class:87 - User clicked on OpenDrive section 
2026-09-22 16:47:40 INFO  FCA_Test_Class:89 - User clicked on CloseDrive section 
2026-09-22 16:47:40 INFO  FCA_Test_Class:91 - User clicked on Reset Filter 
2026-09-22 16:47:42 INFO  FCA_Test_Class:94 - User clicked on Continue Shopping 
2026-09-22 16:47:42 INFO  FCA_Test_Class:95 - Redirected to VDP Page
2026-09-22 16:48:03 INFO  FCA_Test_Class:103 - User closed on Initial PopUp 
2026-09-22 16:48:03 INFO  FCA_Test_Class:105 - User clicked on CASH TAB 
2026-09-22 16:48:03 INFO  FCA_Test_Class:107 - User clicked on OpenTest Drive section 
2026-09-22 16:48:04 INFO  FCA_Test_Class:109 - User clicked on CloseTest Drive section 
2026-09-22 16:48:05 INFO  FCA_Test_Class:111 - User clicked on Payment Calculator section 
2026-09-22 16:48:05 INFO  FCA_Test_Class:113 - User clicked on Continue 
2026-09-22 16:48:08 INFO  FCA_Test_Class:116 - User clicked on Closed Payment Calculator section 
2026-09-22 16:48:08 INFO  FCA_Test_Class:118 - User clicked on TradeIN section 
2026-09-22 16:48:08 INFO  FCA_Test_Class:120 - User clicked on Service & Protection section 
2026-09-22 16:48:09 INFO  FCA_Test_Class:122 - User clicked on Delivery Review & Submit section 
2026-09-22 16:48:09 INFO  FCA_Test_Class:123 - User Reached till DRS TAB
2026-09-22 16:50:41 INFO  FCA_Test_Class:16 - User Landed to FCA Certified Home Page
2026-09-22 16:50:42 INFO  FCA_Test_Class:19 - User clicked on Cookie Popup
2026-09-22 16:50:42 INFO  FCA_Test_Class:21 - User clicked on Zip Code Field
2026-09-22 16:50:42 INFO  FCA_Test_Class:16 - User Landed to FCA Certified Home Page
2026-09-22 16:50:42 INFO  FCA_Test_Class:23 - User entered the Zip Code
2026-09-22 16:50:42 INFO  FCA_Test_Class:19 - User clicked on Cookie Popup
2026-09-22 16:50:42 INFO  FCA_Test_Class:21 - User clicked on Zip Code Field
2026-09-22 16:50:42 INFO  FCA_Test_Class:23 - User entered the Zip Code
2026-09-22 16:50:42 INFO  FCA_Test_Class:25 - User clicked on Brand Logos
2026-09-22 16:50:43 INFO  FCA_Test_Class:25 - User clicked on Brand Logos
2026-09-22 16:50:48 INFO  FCA_Test_Class:27 - User clicked on Submit Button
2026-09-22 16:50:48 INFO  FCA_Test_Class:28 - Redirected to SNI Page
2026-09-22 16:50:48 INFO  FCA_Test_Class:27 - User clicked on Submit Button
2026-09-22 16:50:48 INFO  FCA_Test_Class:28 - Redirected to SNI Page
2026-09-22 16:50:48 INFO  FCA_Test_Class:37 - User clicked on Cookie Popup 
2026-09-22 16:50:48 INFO  FCA_Test_Class:37 - User clicked on Cookie Popup 
2026-09-22 16:50:48 INFO  FCA_Test_Class:39 - User clicked on GoCPOV checkbox 
2026-09-22 16:50:48 INFO  FCA_Test_Class:39 - User clicked on GoCPOV checkbox 
2026-09-22 16:50:48 INFO  FCA_Test_Class:41 - User clicked on CPOV checkbox 
2026-09-22 16:50:48 INFO  FCA_Test_Class:41 - User clicked on CPOV checkbox 
2026-09-22 16:50:49 INFO  FCA_Test_Class:43 - User clicked on GoCPOV checkbox 
2026-09-22 16:50:49 INFO  FCA_Test_Class:43 - User clicked on GoCPOV checkbox 
2026-09-22 16:50:49 INFO  FCA_Test_Class:45 - User clicked on ZipCode Text Box 
2026-09-22 16:50:49 INFO  FCA_Test_Class:45 - User clicked on ZipCode Text Box 
2026-09-22 16:50:49 INFO  FCA_Test_Class:47 - User cleared the ZipCode 
2026-09-22 16:50:49 INFO  FCA_Test_Class:49 - User clicked on Enter the Zip Code 
2026-09-22 16:50:49 INFO  FCA_Test_Class:47 - User cleared the ZipCode 
2026-09-22 16:50:49 INFO  FCA_Test_Class:49 - User clicked on Enter the Zip Code 
2026-09-22 16:50:50 INFO  FCA_Test_Class:51 - User clicked on Update button to update the Zip Code 
2026-09-22 16:50:50 INFO  FCA_Test_Class:51 - User clicked on Update button to update the Zip Code 
2026-09-22 16:50:50 INFO  FCA_Test_Class:53 - User clicked on Partial Matches 
2026-09-22 16:50:51 INFO  FCA_Test_Class:55 - User clicked on Exact Matches 
2026-09-22 16:50:51 INFO  FCA_Test_Class:53 - User clicked on Partial Matches 
2026-09-22 16:50:51 INFO  FCA_Test_Class:57 - User clicked on SortBy functionality 
2026-09-22 16:50:51 INFO  FCA_Test_Class:55 - User clicked on Exact Matches 
2026-09-22 16:50:51 INFO  FCA_Test_Class:59 - User selected value 1 
2026-09-22 16:50:51 INFO  FCA_Test_Class:57 - User clicked on SortBy functionality 
2026-09-22 16:50:51 INFO  FCA_Test_Class:61 - User selected value 2 
2026-09-22 16:50:51 INFO  FCA_Test_Class:63 - User selected value 3 
2026-09-22 16:50:51 INFO  FCA_Test_Class:59 - User selected value 1 
2026-09-22 16:50:51 INFO  FCA_Test_Class:61 - User selected value 2 
2026-09-22 16:50:51 INFO  FCA_Test_Class:63 - User selected value 3 
2026-09-22 16:50:51 INFO  FCA_Test_Class:65 - User clicked on Open Dealer 
2026-09-22 16:50:51 INFO  FCA_Test_Class:65 - User clicked on Open Dealer 
2026-09-22 16:50:54 INFO  FCA_Test_Class:68 - User clicked on Show All Dealer 
2026-09-22 16:50:54 INFO  FCA_Test_Class:68 - User clicked on Show All Dealer 
2026-09-22 16:50:54 INFO  FCA_Test_Class:70 - User clicked on Show Less Dealer 
2026-09-22 16:50:54 INFO  FCA_Test_Class:70 - User clicked on Show Less Dealer 
2026-09-22 16:50:55 INFO  FCA_Test_Class:72 - User clicked on Dealer Checkbox 
2026-09-22 16:50:55 INFO  FCA_Test_Class:72 - User clicked on Dealer Checkbox 
2026-09-22 16:50:55 INFO  FCA_Test_Class:74 - User unchecked on Dealer Checkbox 
2026-09-22 16:50:55 INFO  FCA_Test_Class:74 - User unchecked on Dealer Checkbox 
2026-09-22 16:50:55 INFO  FCA_Test_Class:76 - User clicked on Open Year section 
2026-09-22 16:50:55 INFO  FCA_Test_Class:76 - User clicked on Open Year section 
2026-09-22 16:50:58 INFO  FCA_Test_Class:79 - User clicked on Value1 
2026-09-22 16:50:58 INFO  FCA_Test_Class:79 - User clicked on Value1 
2026-09-22 16:50:58 INFO  FCA_Test_Class:81 - User clicked on Value2 
2026-09-22 16:50:58 INFO  FCA_Test_Class:81 - User clicked on Value2 
2026-09-22 16:50:58 INFO  FCA_Test_Class:83 - User clicked on Value3 
2026-09-22 16:50:58 INFO  FCA_Test_Class:83 - User clicked on Value3 
2026-09-22 16:50:58 INFO  FCA_Test_Class:85 - User clicked on Close Year 
2026-09-22 16:50:58 INFO  FCA_Test_Class:85 - User clicked on Close Year 
2026-09-22 16:50:58 INFO  FCA_Test_Class:87 - User clicked on OpenDrive section 
2026-09-22 16:50:58 INFO  FCA_Test_Class:87 - User clicked on OpenDrive section 
2026-09-22 16:50:59 INFO  FCA_Test_Class:89 - User clicked on CloseDrive section 
2026-09-22 16:50:59 INFO  FCA_Test_Class:89 - User clicked on CloseDrive section 
2026-09-22 16:50:59 INFO  FCA_Test_Class:91 - User clicked on Reset Filter 
2026-09-22 16:50:59 INFO  FCA_Test_Class:91 - User clicked on Reset Filter 
2026-09-22 16:51:01 INFO  FCA_Test_Class:94 - User clicked on Continue Shopping 
2026-09-22 16:51:01 INFO  FCA_Test_Class:95 - Redirected to VDP Page
2026-09-22 16:51:01 INFO  FCA_Test_Class:94 - User clicked on Continue Shopping 
2026-09-22 16:51:01 INFO  FCA_Test_Class:95 - Redirected to VDP Page
2026-09-22 16:51:26 INFO  FCA_Test_Class:103 - User closed on Initial PopUp 
2026-09-22 16:51:26 INFO  FCA_Test_Class:103 - User closed on Initial PopUp 
2026-09-22 16:51:26 INFO  FCA_Test_Class:105 - User clicked on CASH TAB 
2026-09-22 16:51:26 INFO  FCA_Test_Class:105 - User clicked on CASH TAB 
2026-09-22 16:51:26 INFO  FCA_Test_Class:107 - User clicked on OpenTest Drive section 
2026-09-22 16:51:27 INFO  FCA_Test_Class:107 - User clicked on OpenTest Drive section 
2026-09-22 16:51:27 INFO  FCA_Test_Class:109 - User clicked on CloseTest Drive section 
2026-09-22 16:51:27 INFO  FCA_Test_Class:109 - User clicked on CloseTest Drive section 
2026-09-22 16:51:28 INFO  FCA_Test_Class:111 - User clicked on Payment Calculator section 
2026-09-22 16:51:28 INFO  FCA_Test_Class:113 - User clicked on Continue 
2026-09-22 16:51:28 INFO  FCA_Test_Class:111 - User clicked on Payment Calculator section 
2026-09-22 16:51:28 INFO  FCA_Test_Class:113 - User clicked on Continue 
2026-09-22 16:51:31 INFO  FCA_Test_Class:116 - User clicked on Closed Payment Calculator section 
2026-09-22 16:51:31 INFO  FCA_Test_Class:116 - User clicked on Closed Payment Calculator section 
2026-09-22 16:51:32 INFO  FCA_Test_Class:118 - User clicked on TradeIN section 
2026-09-22 16:51:32 INFO  FCA_Test_Class:120 - User clicked on Service & Protection section 
2026-09-22 16:51:32 INFO  FCA_Test_Class:118 - User clicked on TradeIN section 
2026-09-22 16:51:32 INFO  FCA_Test_Class:122 - User clicked on Delivery Review & Submit section 
2026-09-22 16:51:32 INFO  FCA_Test_Class:123 - User Reached till DRS TAB
2026-09-22 16:51:32 INFO  FCA_Test_Class:120 - User clicked on Service & Protection section 
2026-09-22 16:51:32 INFO  FCA_Test_Class:122 - User clicked on Delivery Review & Submit section 
2026-09-22 16:51:32 INFO  FCA_Test_Class:123 - User Reached till DRS TAB
2026-09-22 16:54:39 INFO  FCA_Test_Class:16 - User Landed to FCA Certified Home Page
2026-09-22 16:54:39 INFO  FCA_Test_Class:19 - User clicked on Cookie Popup
2026-09-22 16:54:39 INFO  FCA_Test_Class:21 - User clicked on Zip Code Field
2026-09-22 16:54:39 INFO  FCA_Test_Class:23 - User entered the Zip Code
2026-09-22 16:54:39 INFO  FCA_Test_Class:16 - User Landed to FCA Certified Home Page
2026-09-22 16:54:39 INFO  FCA_Test_Class:19 - User clicked on Cookie Popup
2026-09-22 16:54:39 INFO  FCA_Test_Class:21 - User clicked on Zip Code Field
2026-09-22 16:54:40 INFO  FCA_Test_Class:23 - User entered the Zip Code
2026-09-22 16:54:40 INFO  FCA_Test_Class:25 - User clicked on Brand Logos
2026-09-22 16:54:40 INFO  FCA_Test_Class:25 - User clicked on Brand Logos
2026-09-22 16:54:46 INFO  FCA_Test_Class:27 - User clicked on Submit Button
2026-09-22 16:54:46 INFO  FCA_Test_Class:28 - Redirected to SNI Page
2026-09-22 16:54:46 INFO  FCA_Test_Class:27 - User clicked on Submit Button
2026-09-22 16:54:46 INFO  FCA_Test_Class:28 - Redirected to SNI Page
2026-09-22 16:54:46 INFO  FCA_Test_Class:37 - User clicked on Cookie Popup 
2026-09-22 16:54:46 INFO  FCA_Test_Class:37 - User clicked on Cookie Popup 
2026-09-22 16:54:46 INFO  FCA_Test_Class:39 - User clicked on GoCPOV checkbox 
2026-09-22 16:54:46 INFO  FCA_Test_Class:39 - User clicked on GoCPOV checkbox 
2026-09-22 16:54:47 INFO  FCA_Test_Class:41 - User clicked on CPOV checkbox 
2026-09-22 16:54:47 INFO  FCA_Test_Class:41 - User clicked on CPOV checkbox 
2026-09-22 16:54:47 INFO  FCA_Test_Class:43 - User clicked on GoCPOV checkbox 
2026-09-22 16:54:47 INFO  FCA_Test_Class:43 - User clicked on GoCPOV checkbox 
2026-09-22 16:54:47 INFO  FCA_Test_Class:45 - User clicked on ZipCode Text Box 
2026-09-22 16:54:47 INFO  FCA_Test_Class:45 - User clicked on ZipCode Text Box 
2026-09-22 16:54:47 INFO  FCA_Test_Class:47 - User cleared the ZipCode 
2026-09-22 16:54:47 INFO  FCA_Test_Class:47 - User cleared the ZipCode 
2026-09-22 16:54:47 INFO  FCA_Test_Class:49 - User clicked on Enter the Zip Code 
2026-09-22 16:54:47 INFO  FCA_Test_Class:49 - User clicked on Enter the Zip Code 
2026-09-22 16:54:50 INFO  FCA_Test_Class:51 - User clicked on Update button to update the Zip Code 
2026-09-22 16:54:50 INFO  FCA_Test_Class:53 - User clicked on Partial Matches 
2026-09-22 16:54:50 INFO  FCA_Test_Class:55 - User clicked on Exact Matches 
2026-09-22 16:54:50 INFO  FCA_Test_Class:57 - User clicked on SortBy functionality 
2026-09-22 16:54:50 INFO  FCA_Test_Class:59 - User selected value 1 
2026-09-22 16:54:51 INFO  FCA_Test_Class:61 - User selected value 2 
2026-09-22 16:54:51 INFO  FCA_Test_Class:63 - User selected value 3 
2026-09-22 16:54:51 INFO  FCA_Test_Class:65 - User clicked on Open Dealer 
2026-09-22 16:54:54 INFO  FCA_Test_Class:68 - User clicked on Show All Dealer 
2026-09-22 16:54:54 INFO  FCA_Test_Class:70 - User clicked on Show Less Dealer 
2026-09-22 16:54:54 INFO  FCA_Test_Class:72 - User clicked on Dealer Checkbox 
2026-09-22 16:54:54 INFO  FCA_Test_Class:74 - User unchecked on Dealer Checkbox 
2026-09-22 16:54:54 INFO  FCA_Test_Class:76 - User clicked on Open Year section 
2026-09-22 16:54:56 INFO  FCA_Test_Class:51 - User clicked on Update button to update the Zip Code 
2026-09-22 16:54:56 INFO  FCA_Test_Class:53 - User clicked on Partial Matches 
2026-09-22 16:54:56 INFO  FCA_Test_Class:55 - User clicked on Exact Matches 
2026-09-22 16:54:56 INFO  FCA_Test_Class:57 - User clicked on SortBy functionality 
2026-09-22 16:54:56 INFO  FCA_Test_Class:59 - User selected value 1 
2026-09-22 16:54:56 INFO  FCA_Test_Class:61 - User selected value 2 
2026-09-22 16:54:56 INFO  FCA_Test_Class:63 - User selected value 3 
2026-09-22 16:54:56 INFO  FCA_Test_Class:65 - User clicked on Open Dealer 
2026-09-22 16:54:57 INFO  FCA_Test_Class:79 - User clicked on Value1 
2026-09-22 16:54:58 INFO  FCA_Test_Class:81 - User clicked on Value2 
2026-09-22 16:54:58 INFO  FCA_Test_Class:83 - User clicked on Value3 
2026-09-22 16:54:58 INFO  FCA_Test_Class:85 - User clicked on Close Year 
2026-09-22 16:54:58 INFO  FCA_Test_Class:87 - User clicked on OpenDrive section 
2026-09-22 16:54:58 INFO  FCA_Test_Class:89 - User clicked on CloseDrive section 
2026-09-22 16:54:58 INFO  FCA_Test_Class:91 - User clicked on Reset Filter 
2026-09-22 16:54:59 INFO  FCA_Test_Class:68 - User clicked on Show All Dealer 
2026-09-22 16:56:35 INFO  FCA_Test_Class:16 - User Landed to FCA Certified Home Page
2026-09-22 16:56:35 INFO  FCA_Test_Class:16 - User Landed to FCA Certified Home Page
2026-09-22 16:56:35 INFO  FCA_Test_Class:19 - User clicked on Cookie Popup
2026-09-22 16:56:35 INFO  FCA_Test_Class:19 - User clicked on Cookie Popup
2026-09-22 16:56:36 INFO  FCA_Test_Class:21 - User clicked on Zip Code Field
2026-09-22 16:56:36 INFO  FCA_Test_Class:23 - User entered the Zip Code
2026-09-22 16:56:36 INFO  FCA_Test_Class:21 - User clicked on Zip Code Field
2026-09-22 16:56:36 INFO  FCA_Test_Class:23 - User entered the Zip Code
2026-09-22 16:56:36 INFO  FCA_Test_Class:25 - User clicked on Brand Logos
2026-09-22 16:56:37 INFO  FCA_Test_Class:25 - User clicked on Brand Logos
2026-09-22 16:56:42 INFO  FCA_Test_Class:27 - User clicked on Submit Button
2026-09-22 16:56:42 INFO  FCA_Test_Class:28 - Redirected to SNI Page
2026-09-22 16:56:42 INFO  FCA_Test_Class:37 - User clicked on Cookie Popup 
2026-09-22 16:56:43 INFO  FCA_Test_Class:39 - User clicked on GoCPOV checkbox 
2026-09-22 16:56:43 INFO  FCA_Test_Class:41 - User clicked on CPOV checkbox 
2026-09-22 16:56:43 INFO  FCA_Test_Class:43 - User clicked on GoCPOV checkbox 
2026-09-22 16:56:43 INFO  FCA_Test_Class:45 - User clicked on ZipCode Text Box 
2026-09-22 16:56:43 INFO  FCA_Test_Class:27 - User clicked on Submit Button
2026-09-22 16:56:43 INFO  FCA_Test_Class:28 - Redirected to SNI Page
2026-09-22 16:56:43 INFO  FCA_Test_Class:47 - User cleared the ZipCode 
2026-09-22 16:56:43 INFO  FCA_Test_Class:49 - User clicked on Enter the Zip Code 
2026-09-22 16:56:43 INFO  FCA_Test_Class:37 - User clicked on Cookie Popup 
2026-09-22 16:56:43 INFO  FCA_Test_Class:39 - User clicked on GoCPOV checkbox 
2026-09-22 16:56:43 INFO  FCA_Test_Class:41 - User clicked on CPOV checkbox 
2026-09-22 16:56:43 INFO  FCA_Test_Class:43 - User clicked on GoCPOV checkbox 
2026-09-22 16:56:43 INFO  FCA_Test_Class:45 - User clicked on ZipCode Text Box 
2026-09-22 16:56:43 INFO  FCA_Test_Class:47 - User cleared the ZipCode 
2026-09-22 16:56:43 INFO  FCA_Test_Class:49 - User clicked on Enter the Zip Code 
2026-09-22 16:56:45 INFO  FCA_Test_Class:51 - User clicked on Update button to update the Zip Code 
2026-09-22 16:56:45 INFO  FCA_Test_Class:53 - User clicked on Partial Matches 
2026-09-22 16:56:45 INFO  FCA_Test_Class:55 - User clicked on Exact Matches 
2026-09-22 16:56:45 INFO  FCA_Test_Class:57 - User clicked on SortBy functionality 
2026-09-22 16:56:45 INFO  FCA_Test_Class:59 - User selected value 1 
2026-09-22 16:56:46 INFO  FCA_Test_Class:51 - User clicked on Update button to update the Zip Code 
2026-09-22 16:56:46 INFO  FCA_Test_Class:61 - User selected value 2 
2026-09-22 16:56:46 INFO  FCA_Test_Class:63 - User selected value 3 
2026-09-22 16:56:46 INFO  FCA_Test_Class:53 - User clicked on Partial Matches 
2026-09-22 16:56:46 INFO  FCA_Test_Class:65 - User clicked on Open Dealer 
2026-09-22 16:56:46 INFO  FCA_Test_Class:55 - User clicked on Exact Matches 
2026-09-22 16:56:46 INFO  FCA_Test_Class:57 - User clicked on SortBy functionality 
2026-09-22 16:56:46 INFO  FCA_Test_Class:59 - User selected value 1 
2026-09-22 16:56:46 INFO  FCA_Test_Class:61 - User selected value 2 
2026-09-22 16:56:46 INFO  FCA_Test_Class:63 - User selected value 3 
2026-09-22 16:56:46 INFO  FCA_Test_Class:65 - User clicked on Open Dealer 
2026-09-22 16:56:49 INFO  FCA_Test_Class:68 - User clicked on Show All Dealer 
2026-09-22 16:56:49 INFO  FCA_Test_Class:70 - User clicked on Show Less Dealer 
2026-09-22 16:56:49 INFO  FCA_Test_Class:72 - User clicked on Dealer Checkbox 
2026-09-22 16:56:49 INFO  FCA_Test_Class:74 - User unchecked on Dealer Checkbox 
2026-09-22 16:56:49 INFO  FCA_Test_Class:76 - User clicked on Open Year section 
2026-09-22 16:56:49 INFO  FCA_Test_Class:68 - User clicked on Show All Dealer 
2026-09-22 16:56:50 INFO  FCA_Test_Class:70 - User clicked on Show Less Dealer 
2026-09-22 16:56:50 INFO  FCA_Test_Class:72 - User clicked on Dealer Checkbox 
2026-09-22 16:56:50 INFO  FCA_Test_Class:74 - User unchecked on Dealer Checkbox 
2026-09-22 16:56:50 INFO  FCA_Test_Class:76 - User clicked on Open Year section 
2026-09-22 16:56:52 INFO  FCA_Test_Class:79 - User clicked on Value1 
2026-09-22 16:56:53 INFO  FCA_Test_Class:81 - User clicked on Value2 
2026-09-22 16:56:53 INFO  FCA_Test_Class:83 - User clicked on Value3 
2026-09-22 16:56:53 INFO  FCA_Test_Class:85 - User clicked on Close Year 
2026-09-22 16:56:53 INFO  FCA_Test_Class:87 - User clicked on OpenDrive section 
2026-09-22 16:56:53 INFO  FCA_Test_Class:89 - User clicked on CloseDrive section 
2026-09-22 16:56:53 INFO  FCA_Test_Class:91 - User clicked on Reset Filter 
2026-09-22 16:56:53 INFO  FCA_Test_Class:79 - User clicked on Value1 
2026-09-22 16:56:53 INFO  FCA_Test_Class:81 - User clicked on Value2 
2026-09-22 16:56:53 INFO  FCA_Test_Class:83 - User clicked on Value3 
2026-09-22 16:56:53 INFO  FCA_Test_Class:85 - User clicked on Close Year 
2026-09-22 16:56:54 INFO  FCA_Test_Class:87 - User clicked on OpenDrive section 
2026-09-22 16:56:54 INFO  FCA_Test_Class:89 - User clicked on CloseDrive section 
2026-09-22 16:56:54 INFO  FCA_Test_Class:91 - User clicked on Reset Filter 
2026-09-22 16:56:55 INFO  FCA_Test_Class:94 - User clicked on Continue Shopping 
2026-09-22 16:56:55 INFO  FCA_Test_Class:95 - Redirected to VDP Page
2026-09-22 16:56:56 INFO  FCA_Test_Class:94 - User clicked on Continue Shopping 
2026-09-22 16:56:56 INFO  FCA_Test_Class:95 - Redirected to VDP Page
2026-09-22 16:57:20 INFO  FCA_Test_Class:103 - User closed on Initial PopUp 
2026-09-22 16:57:20 INFO  FCA_Test_Class:105 - User clicked on CASH TAB 
2026-09-22 16:57:20 INFO  FCA_Test_Class:107 - User clicked on OpenTest Drive section 
2026-09-22 16:57:21 INFO  FCA_Test_Class:109 - User clicked on CloseTest Drive section 
2026-09-22 16:57:21 INFO  FCA_Test_Class:111 - User clicked on Payment Calculator section 
2026-09-22 16:57:21 INFO  FCA_Test_Class:113 - User clicked on Continue 
2026-09-22 16:57:25 INFO  FCA_Test_Class:116 - User clicked on Closed Payment Calculator section 
2026-09-22 16:57:25 INFO  FCA_Test_Class:118 - User clicked on TradeIN section 
2026-09-22 16:57:25 INFO  FCA_Test_Class:120 - User clicked on Service & Protection section 
2026-09-22 16:57:25 INFO  FCA_Test_Class:122 - User clicked on Delivery Review & Submit section 
2026-09-22 16:57:25 INFO  FCA_Test_Class:123 - User Reached till DRS TAB
2026-09-22 16:57:27 INFO  FCA_Test_Class:103 - User closed on Initial PopUp 
2026-09-22 16:57:27 INFO  FCA_Test_Class:105 - User clicked on CASH TAB 
2026-09-22 16:57:28 INFO  FCA_Test_Class:107 - User clicked on OpenTest Drive section 
2026-09-22 16:57:28 INFO  FCA_Test_Class:109 - User clicked on CloseTest Drive section 
2026-09-22 16:57:29 INFO  FCA_Test_Class:111 - User clicked on Payment Calculator section 
2026-09-22 16:57:29 INFO  FCA_Test_Class:113 - User clicked on Continue 
2026-09-22 16:57:32 INFO  FCA_Test_Class:116 - User clicked on Closed Payment Calculator section 
2026-09-22 16:57:32 INFO  FCA_Test_Class:118 - User clicked on TradeIN section 
2026-09-22 16:57:32 INFO  FCA_Test_Class:120 - User clicked on Service & Protection section 
2026-09-22 16:57:32 INFO  FCA_Test_Class:122 - User clicked on Delivery Review & Submit section 
2026-09-22 16:57:32 INFO  FCA_Test_Class:123 - User Reached till DRS TAB
2026-09-22 16:59:42 INFO  FCA_Test_Class:16 - User Landed to FCA Certified Home Page
2026-09-22 16:59:42 INFO  FCA_Test_Class:19 - User clicked on Cookie Popup
2026-09-22 16:59:42 INFO  FCA_Test_Class:21 - User clicked on Zip Code Field
2026-09-22 16:59:42 INFO  FCA_Test_Class:23 - User entered the Zip Code
2026-09-22 16:59:42 INFO  FCA_Test_Class:16 - User Landed to FCA Certified Home Page
2026-09-22 16:59:42 INFO  FCA_Test_Class:19 - User clicked on Cookie Popup
2026-09-22 16:59:43 INFO  FCA_Test_Class:21 - User clicked on Zip Code Field
2026-09-22 16:59:43 INFO  FCA_Test_Class:23 - User entered the Zip Code
2026-09-22 16:59:43 INFO  FCA_Test_Class:25 - User clicked on Brand Logos
2026-09-22 16:59:43 INFO  FCA_Test_Class:25 - User clicked on Brand Logos
2026-09-22 16:59:49 INFO  FCA_Test_Class:27 - User clicked on Submit Button
2026-09-22 16:59:49 INFO  FCA_Test_Class:28 - Redirected to SNI Page
2026-09-22 16:59:50 INFO  FCA_Test_Class:27 - User clicked on Submit Button
2026-09-22 16:59:50 INFO  FCA_Test_Class:28 - Redirected to SNI Page
2026-09-22 16:59:50 INFO  FCA_Test_Class:37 - User clicked on Cookie Popup 
2026-09-22 16:59:50 INFO  FCA_Test_Class:37 - User clicked on Cookie Popup 
2026-09-22 16:59:50 INFO  FCA_Test_Class:39 - User clicked on GoCPOV checkbox 
2026-09-22 16:59:50 INFO  FCA_Test_Class:39 - User clicked on GoCPOV checkbox 
2026-09-22 16:59:50 INFO  FCA_Test_Class:41 - User clicked on CPOV checkbox 
2026-09-22 16:59:50 INFO  FCA_Test_Class:41 - User clicked on CPOV checkbox 
2026-09-22 16:59:50 INFO  FCA_Test_Class:43 - User clicked on GoCPOV checkbox 
2026-09-22 16:59:50 INFO  FCA_Test_Class:43 - User clicked on GoCPOV checkbox 
2026-09-22 16:59:50 INFO  FCA_Test_Class:45 - User clicked on ZipCode Text Box 
2026-09-22 16:59:50 INFO  FCA_Test_Class:45 - User clicked on ZipCode Text Box 
2026-09-22 16:59:50 INFO  FCA_Test_Class:47 - User cleared the ZipCode 
2026-09-22 16:59:50 INFO  FCA_Test_Class:47 - User cleared the ZipCode 
2026-09-22 16:59:50 INFO  FCA_Test_Class:49 - User clicked on Enter the Zip Code 
2026-09-22 16:59:50 INFO  FCA_Test_Class:49 - User clicked on Enter the Zip Code 
2026-09-22 16:59:52 INFO  FCA_Test_Class:51 - User clicked on Update button to update the Zip Code 
2026-09-22 16:59:52 INFO  FCA_Test_Class:53 - User clicked on Partial Matches 
2026-09-22 16:59:52 INFO  FCA_Test_Class:51 - User clicked on Update button to update the Zip Code 
2026-09-22 16:59:52 INFO  FCA_Test_Class:55 - User clicked on Exact Matches 
2026-09-22 16:59:52 INFO  FCA_Test_Class:53 - User clicked on Partial Matches 
2026-09-22 16:59:52 INFO  FCA_Test_Class:57 - User clicked on SortBy functionality 
2026-09-22 16:59:52 INFO  FCA_Test_Class:55 - User clicked on Exact Matches 
2026-09-22 16:59:52 INFO  FCA_Test_Class:59 - User selected value 1 
2026-09-22 16:59:52 INFO  FCA_Test_Class:57 - User clicked on SortBy functionality 
2026-09-22 16:59:52 INFO  FCA_Test_Class:61 - User selected value 2 
2026-09-22 16:59:53 INFO  FCA_Test_Class:59 - User selected value 1 
2026-09-22 16:59:53 INFO  FCA_Test_Class:63 - User selected value 3 
2026-09-22 16:59:53 INFO  FCA_Test_Class:61 - User selected value 2 
2026-09-22 16:59:53 INFO  FCA_Test_Class:63 - User selected value 3 
2026-09-22 16:59:53 INFO  FCA_Test_Class:65 - User clicked on Open Dealer 
2026-09-22 16:59:53 INFO  FCA_Test_Class:65 - User clicked on Open Dealer 
2026-09-22 16:59:56 INFO  FCA_Test_Class:68 - User clicked on Show All Dealer 
2026-09-22 16:59:56 INFO  FCA_Test_Class:68 - User clicked on Show All Dealer 
2026-09-22 16:59:56 INFO  FCA_Test_Class:70 - User clicked on Show Less Dealer 
2026-09-22 16:59:56 INFO  FCA_Test_Class:70 - User clicked on Show Less Dealer 
2026-09-22 16:59:56 INFO  FCA_Test_Class:72 - User clicked on Dealer Checkbox 
2026-09-22 16:59:56 INFO  FCA_Test_Class:72 - User clicked on Dealer Checkbox 
2026-09-22 16:59:56 INFO  FCA_Test_Class:74 - User unchecked on Dealer Checkbox 
2026-09-22 16:59:56 INFO  FCA_Test_Class:74 - User unchecked on Dealer Checkbox 
2026-09-22 16:59:56 INFO  FCA_Test_Class:76 - User clicked on Open Year section 
2026-09-22 16:59:56 INFO  FCA_Test_Class:76 - User clicked on Open Year section 
2026-09-22 16:59:59 INFO  FCA_Test_Class:79 - User clicked on Value1 
2026-09-22 16:59:59 INFO  FCA_Test_Class:79 - User clicked on Value1 
2026-09-22 17:00:00 INFO  FCA_Test_Class:81 - User clicked on Value2 
2026-09-22 17:00:00 INFO  FCA_Test_Class:81 - User clicked on Value2 
2026-09-22 17:00:00 INFO  FCA_Test_Class:83 - User clicked on Value3 
2026-09-22 17:00:00 INFO  FCA_Test_Class:83 - User clicked on Value3 
2026-09-22 17:00:00 INFO  FCA_Test_Class:85 - User clicked on Close Year 
2026-09-22 17:00:00 INFO  FCA_Test_Class:85 - User clicked on Close Year 
2026-09-22 17:00:00 INFO  FCA_Test_Class:87 - User clicked on OpenDrive section 
2026-09-22 17:00:00 INFO  FCA_Test_Class:87 - User clicked on OpenDrive section 
2026-09-22 17:00:00 INFO  FCA_Test_Class:89 - User clicked on CloseDrive section 
2026-09-22 17:00:00 INFO  FCA_Test_Class:89 - User clicked on CloseDrive section 
2026-09-22 17:00:00 INFO  FCA_Test_Class:91 - User clicked on Reset Filter 
2026-09-22 17:00:00 INFO  FCA_Test_Class:91 - User clicked on Reset Filter 
2026-09-22 17:00:02 INFO  FCA_Test_Class:94 - User clicked on Continue Shopping 
2026-09-22 17:00:02 INFO  FCA_Test_Class:95 - Redirected to VDP Page
2026-09-22 17:00:02 INFO  FCA_Test_Class:94 - User clicked on Continue Shopping 
2026-09-22 17:00:02 INFO  FCA_Test_Class:95 - Redirected to VDP Page
2026-09-22 17:00:21 INFO  FCA_Test_Class:103 - User closed on Initial PopUp 
2026-09-22 17:00:22 INFO  FCA_Test_Class:105 - User clicked on CASH TAB 
2026-09-22 17:00:22 INFO  FCA_Test_Class:107 - User clicked on OpenTest Drive section 
2026-09-22 17:00:22 INFO  FCA_Test_Class:109 - User clicked on CloseTest Drive section 
2026-09-22 17:00:24 INFO  FCA_Test_Class:111 - User clicked on Payment Calculator section 
2026-09-22 17:00:24 INFO  FCA_Test_Class:113 - User clicked on Continue 
2026-09-22 17:00:27 INFO  FCA_Test_Class:116 - User clicked on Closed Payment Calculator section 
2026-09-22 17:00:27 INFO  FCA_Test_Class:118 - User clicked on TradeIN section 
2026-09-22 17:00:27 INFO  FCA_Test_Class:120 - User clicked on Service & Protection section 
2026-09-22 17:00:27 INFO  FCA_Test_Class:122 - User clicked on Delivery Review & Submit section 
2026-09-22 17:00:27 INFO  FCA_Test_Class:123 - User Reached till DRS TAB
2026-09-22 17:00:30 INFO  FCA_Test_Class:103 - User closed on Initial PopUp 
2026-09-22 17:00:30 INFO  FCA_Test_Class:105 - User clicked on CASH TAB 
2026-09-22 17:00:30 INFO  FCA_Test_Class:107 - User clicked on OpenTest Drive section 
2026-09-22 17:00:31 INFO  FCA_Test_Class:109 - User clicked on CloseTest Drive section 
2026-09-22 17:00:32 INFO  FCA_Test_Class:111 - User clicked on Payment Calculator section 
2026-09-22 17:00:32 INFO  FCA_Test_Class:113 - User clicked on Continue 
2026-09-22 17:00:35 INFO  FCA_Test_Class:116 - User clicked on Closed Payment Calculator section 
2026-09-22 17:00:35 INFO  FCA_Test_Class:118 - User clicked on TradeIN section 
2026-09-22 17:00:36 INFO  FCA_Test_Class:120 - User clicked on Service & Protection section 
2026-09-22 17:00:36 INFO  FCA_Test_Class:122 - User clicked on Delivery Review & Submit section 
2026-09-22 17:00:36 INFO  FCA_Test_Class:123 - User Reached till DRS TAB
2026-09-23 16:28:53 INFO  FCA_Test_Class:16 - User Landed to FCA Certified Home Page
2026-09-23 16:28:53 INFO  FCA_Test_Class:19 - User clicked on Cookie Popup
2026-09-23 16:28:53 INFO  FCA_Test_Class:16 - User Landed to FCA Certified Home Page
2026-09-23 16:28:53 INFO  FCA_Test_Class:21 - User clicked on Zip Code Field
2026-09-23 16:28:53 INFO  FCA_Test_Class:23 - User entered the Zip Code
2026-09-23 16:28:53 INFO  FCA_Test_Class:19 - User clicked on Cookie Popup
2026-09-23 16:28:54 INFO  FCA_Test_Class:21 - User clicked on Zip Code Field
2026-09-23 16:28:54 INFO  FCA_Test_Class:23 - User entered the Zip Code
2026-09-23 16:28:54 INFO  FCA_Test_Class:25 - User clicked on Brand Logos
2026-09-23 16:28:54 INFO  FCA_Test_Class:25 - User clicked on Brand Logos
2026-09-23 16:29:00 INFO  FCA_Test_Class:27 - User clicked on Submit Button
2026-09-23 16:29:00 INFO  FCA_Test_Class:28 - Redirected to SNI Page
2026-09-23 16:29:00 INFO  FCA_Test_Class:27 - User clicked on Submit Button
2026-09-23 16:29:00 INFO  FCA_Test_Class:28 - Redirected to SNI Page
2026-09-23 16:29:00 INFO  FCA_Test_Class:37 - User clicked on Cookie Popup 
2026-09-23 16:29:00 INFO  FCA_Test_Class:37 - User clicked on Cookie Popup 
2026-09-23 16:29:00 INFO  FCA_Test_Class:39 - User clicked on GoCPOV checkbox 
2026-09-23 16:29:00 INFO  FCA_Test_Class:39 - User clicked on GoCPOV checkbox 
2026-09-23 16:29:00 INFO  FCA_Test_Class:41 - User clicked on CPOV checkbox 
2026-09-23 16:29:00 INFO  FCA_Test_Class:41 - User clicked on CPOV checkbox 
2026-09-23 16:29:00 INFO  FCA_Test_Class:43 - User clicked on GoCPOV checkbox 
2026-09-23 16:29:00 INFO  FCA_Test_Class:43 - User clicked on GoCPOV checkbox 
2026-09-23 16:29:00 INFO  FCA_Test_Class:45 - User clicked on ZipCode Text Box 
2026-09-23 16:29:00 INFO  FCA_Test_Class:47 - User cleared the ZipCode 
2026-09-23 16:29:00 INFO  FCA_Test_Class:45 - User clicked on ZipCode Text Box 
2026-09-23 16:29:00 INFO  FCA_Test_Class:47 - User cleared the ZipCode 
2026-09-23 16:29:01 INFO  FCA_Test_Class:49 - User clicked on Enter the Zip Code 
2026-09-23 16:29:01 INFO  FCA_Test_Class:49 - User clicked on Enter the Zip Code 
2026-09-23 16:29:02 INFO  FCA_Test_Class:51 - User clicked on Update button to update the Zip Code 
2026-09-23 16:29:02 INFO  FCA_Test_Class:51 - User clicked on Update button to update the Zip Code 
2026-09-23 16:29:02 INFO  FCA_Test_Class:53 - User clicked on Partial Matches 
2026-09-23 16:29:02 INFO  FCA_Test_Class:53 - User clicked on Partial Matches 
2026-09-23 16:29:02 INFO  FCA_Test_Class:55 - User clicked on Exact Matches 
2026-09-23 16:29:02 INFO  FCA_Test_Class:55 - User clicked on Exact Matches 
2026-09-23 16:29:03 INFO  FCA_Test_Class:57 - User clicked on SortBy functionality 
2026-09-23 16:29:03 INFO  FCA_Test_Class:57 - User clicked on SortBy functionality 
2026-09-23 16:29:03 INFO  FCA_Test_Class:59 - User selected value 1 
2026-09-23 16:29:03 INFO  FCA_Test_Class:59 - User selected value 1 
2026-09-23 16:29:03 INFO  FCA_Test_Class:61 - User selected value 2 
2026-09-23 16:29:03 INFO  FCA_Test_Class:61 - User selected value 2 
2026-09-23 16:29:03 INFO  FCA_Test_Class:63 - User selected value 3 
2026-09-23 16:29:03 INFO  FCA_Test_Class:63 - User selected value 3 
2026-09-23 16:29:03 INFO  FCA_Test_Class:65 - User clicked on Open Dealer 
2026-09-23 16:29:03 INFO  FCA_Test_Class:65 - User clicked on Open Dealer 
2026-09-23 16:29:06 INFO  FCA_Test_Class:68 - User clicked on Show All Dealer 
2026-09-23 16:29:06 INFO  FCA_Test_Class:68 - User clicked on Show All Dealer 
2026-09-23 16:29:06 INFO  FCA_Test_Class:70 - User clicked on Show Less Dealer 
2026-09-23 16:29:06 INFO  FCA_Test_Class:70 - User clicked on Show Less Dealer 
2026-09-23 16:29:06 INFO  FCA_Test_Class:72 - User clicked on Dealer Checkbox 
2026-09-23 16:29:06 INFO  FCA_Test_Class:72 - User clicked on Dealer Checkbox 
2026-09-23 16:29:06 INFO  FCA_Test_Class:74 - User unchecked on Dealer Checkbox 
2026-09-23 16:29:06 INFO  FCA_Test_Class:74 - User unchecked on Dealer Checkbox 
2026-09-23 16:29:07 INFO  FCA_Test_Class:76 - User clicked on Open Year section 
2026-09-23 16:29:07 INFO  FCA_Test_Class:76 - User clicked on Open Year section 
2026-09-23 16:29:10 INFO  FCA_Test_Class:79 - User clicked on Value1 
2026-09-23 16:29:10 INFO  FCA_Test_Class:79 - User clicked on Value1 
2026-09-23 16:29:10 INFO  FCA_Test_Class:81 - User clicked on Value2 
2026-09-23 16:29:10 INFO  FCA_Test_Class:81 - User clicked on Value2 
2026-09-23 16:29:10 INFO  FCA_Test_Class:83 - User clicked on Value3 
2026-09-23 16:29:10 INFO  FCA_Test_Class:83 - User clicked on Value3 
2026-09-23 16:29:10 INFO  FCA_Test_Class:85 - User clicked on Close Year 
2026-09-23 16:29:10 INFO  FCA_Test_Class:85 - User clicked on Close Year 
2026-09-23 16:29:10 INFO  FCA_Test_Class:87 - User clicked on OpenDrive section 
2026-09-23 16:29:10 INFO  FCA_Test_Class:89 - User clicked on CloseDrive section 
2026-09-23 16:29:11 INFO  FCA_Test_Class:87 - User clicked on OpenDrive section 
2026-09-23 16:29:11 INFO  FCA_Test_Class:89 - User clicked on CloseDrive section 
2026-09-23 16:29:11 INFO  FCA_Test_Class:91 - User clicked on Reset Filter 
2026-09-23 16:29:11 INFO  FCA_Test_Class:91 - User clicked on Reset Filter 
2026-09-23 16:29:13 INFO  FCA_Test_Class:94 - User clicked on Continue Shopping 
2026-09-23 16:29:13 INFO  FCA_Test_Class:95 - Redirected to VDP Page
2026-09-23 16:29:13 INFO  FCA_Test_Class:94 - User clicked on Continue Shopping 
2026-09-23 16:29:13 INFO  FCA_Test_Class:95 - Redirected to VDP Page
2026-09-23 16:29:27 INFO  FCA_Test_Class:103 - User closed on Initial PopUp 
2026-09-23 16:29:27 INFO  FCA_Test_Class:103 - User closed on Initial PopUp 
2026-09-23 16:29:27 INFO  FCA_Test_Class:105 - User clicked on CASH TAB 
2026-09-23 16:29:27 INFO  FCA_Test_Class:105 - User clicked on CASH TAB 
2026-09-23 16:29:27 INFO  FCA_Test_Class:107 - User clicked on OpenTest Drive section 
2026-09-23 16:29:28 INFO  FCA_Test_Class:107 - User clicked on OpenTest Drive section 
2026-09-23 16:29:28 INFO  FCA_Test_Class:109 - User clicked on CloseTest Drive section 
2026-09-23 16:29:28 INFO  FCA_Test_Class:109 - User clicked on CloseTest Drive section 
2026-09-23 16:29:29 INFO  FCA_Test_Class:111 - User clicked on Payment Calculator section 
2026-09-23 16:29:29 INFO  FCA_Test_Class:111 - User clicked on Payment Calculator section 
2026-09-23 16:29:29 INFO  FCA_Test_Class:113 - User clicked on Continue 
2026-09-23 16:29:29 INFO  FCA_Test_Class:113 - User clicked on Continue 
2026-09-23 16:29:32 INFO  FCA_Test_Class:116 - User clicked on Closed Payment Calculator section 
2026-09-23 16:29:33 INFO  FCA_Test_Class:116 - User clicked on Closed Payment Calculator section 
2026-09-23 16:29:33 INFO  FCA_Test_Class:118 - User clicked on TradeIN section 
2026-09-23 16:29:33 INFO  FCA_Test_Class:120 - User clicked on Service & Protection section 
2026-09-23 16:29:33 INFO  FCA_Test_Class:118 - User clicked on TradeIN section 
2026-09-23 16:29:33 INFO  FCA_Test_Class:122 - User clicked on Delivery Review & Submit section 
2026-09-23 16:29:33 INFO  FCA_Test_Class:123 - User Reached till DRS TAB
2026-09-23 16:29:33 INFO  FCA_Test_Class:120 - User clicked on Service & Protection section 
2026-09-23 16:29:33 INFO  FCA_Test_Class:122 - User clicked on Delivery Review & Submit section 
2026-09-23 16:29:33 INFO  FCA_Test_Class:123 - User Reached till DRS TAB
2026-09-23 16:33:10 INFO  FCA_Test_Class:16 - User Landed to FCA Certified Home Page
2026-09-23 16:33:10 INFO  FCA_Test_Class:16 - User Landed to FCA Certified Home Page
2026-09-23 16:33:10 INFO  FCA_Test_Class:19 - User clicked on Cookie Popup
2026-09-23 16:33:10 INFO  FCA_Test_Class:19 - User clicked on Cookie Popup
2026-09-23 16:33:10 INFO  FCA_Test_Class:21 - User clicked on Zip Code Field
2026-09-23 16:33:10 INFO  FCA_Test_Class:23 - User entered the Zip Code
2026-09-23 16:33:10 INFO  FCA_Test_Class:21 - User clicked on Zip Code Field
2026-09-23 16:33:10 INFO  FCA_Test_Class:23 - User entered the Zip Code
2026-09-23 16:33:11 INFO  FCA_Test_Class:25 - User clicked on Brand Logos
2026-09-23 16:33:11 INFO  FCA_Test_Class:25 - User clicked on Brand Logos
2026-09-23 16:33:17 INFO  FCA_Test_Class:27 - User clicked on Submit Button
2026-09-23 16:33:17 INFO  FCA_Test_Class:28 - Redirected to SNI Page
2026-09-23 16:33:17 INFO  FCA_Test_Class:27 - User clicked on Submit Button
2026-09-23 16:33:17 INFO  FCA_Test_Class:28 - Redirected to SNI Page
2026-09-23 16:33:17 INFO  FCA_Test_Class:37 - User clicked on Cookie Popup 
2026-09-23 16:33:17 INFO  FCA_Test_Class:37 - User clicked on Cookie Popup 
2026-09-23 16:33:18 INFO  FCA_Test_Class:39 - User clicked on GoCPOV checkbox 
2026-09-23 16:33:18 INFO  FCA_Test_Class:39 - User clicked on GoCPOV checkbox 
2026-09-23 16:33:18 INFO  FCA_Test_Class:41 - User clicked on CPOV checkbox 
2026-09-23 16:33:18 INFO  FCA_Test_Class:41 - User clicked on CPOV checkbox 
2026-09-23 16:33:18 INFO  FCA_Test_Class:43 - User clicked on GoCPOV checkbox 
2026-09-23 16:33:18 INFO  FCA_Test_Class:43 - User clicked on GoCPOV checkbox 
2026-09-23 16:33:18 INFO  FCA_Test_Class:45 - User clicked on ZipCode Text Box 
2026-09-23 16:33:18 INFO  FCA_Test_Class:45 - User clicked on ZipCode Text Box 
2026-09-23 16:33:18 INFO  FCA_Test_Class:47 - User cleared the ZipCode 
2026-09-23 16:33:18 INFO  FCA_Test_Class:47 - User cleared the ZipCode 
2026-09-23 16:33:18 INFO  FCA_Test_Class:49 - User clicked on Enter the Zip Code 
2026-09-23 16:33:18 INFO  FCA_Test_Class:49 - User clicked on Enter the Zip Code 
2026-09-23 16:33:20 INFO  FCA_Test_Class:51 - User clicked on Update button to update the Zip Code 
2026-09-23 16:33:20 INFO  FCA_Test_Class:51 - User clicked on Update button to update the Zip Code 
2026-09-23 16:33:20 INFO  FCA_Test_Class:53 - User clicked on Partial Matches 
2026-09-23 16:33:20 INFO  FCA_Test_Class:53 - User clicked on Partial Matches 
2026-09-23 16:33:20 INFO  FCA_Test_Class:55 - User clicked on Exact Matches 
2026-09-23 16:33:20 INFO  FCA_Test_Class:55 - User clicked on Exact Matches 
2026-09-23 16:33:21 INFO  FCA_Test_Class:57 - User clicked on SortBy functionality 
2026-09-23 16:33:21 INFO  FCA_Test_Class:57 - User clicked on SortBy functionality 
2026-09-23 16:33:21 INFO  FCA_Test_Class:59 - User selected value 1 
2026-09-23 16:33:21 INFO  FCA_Test_Class:59 - User selected value 1 
2026-09-23 16:33:21 INFO  FCA_Test_Class:61 - User selected value 2 
2026-09-23 16:33:21 INFO  FCA_Test_Class:61 - User selected value 2 
2026-09-23 16:33:21 INFO  FCA_Test_Class:63 - User selected value 3 
2026-09-23 16:33:21 INFO  FCA_Test_Class:63 - User selected value 3 
2026-09-23 16:33:21 INFO  FCA_Test_Class:65 - User clicked on Open Dealer 
2026-09-23 16:33:21 INFO  FCA_Test_Class:65 - User clicked on Open Dealer 
2026-09-23 16:33:24 INFO  FCA_Test_Class:68 - User clicked on Show All Dealer 
2026-09-23 16:33:24 INFO  FCA_Test_Class:68 - User clicked on Show All Dealer 
2026-09-23 16:33:24 INFO  FCA_Test_Class:70 - User clicked on Show Less Dealer 
2026-09-23 16:33:24 INFO  FCA_Test_Class:70 - User clicked on Show Less Dealer 
2026-09-23 16:33:24 INFO  FCA_Test_Class:72 - User clicked on Dealer Checkbox 
2026-09-23 16:33:24 INFO  FCA_Test_Class:72 - User clicked on Dealer Checkbox 
2026-09-23 16:33:24 INFO  FCA_Test_Class:74 - User unchecked on Dealer Checkbox 
2026-09-23 16:33:24 INFO  FCA_Test_Class:76 - User clicked on Open Year section 
2026-09-23 16:33:24 INFO  FCA_Test_Class:74 - User unchecked on Dealer Checkbox 
2026-09-23 16:33:25 INFO  FCA_Test_Class:76 - User clicked on Open Year section 
2026-09-23 16:33:28 INFO  FCA_Test_Class:79 - User clicked on Value1 
2026-09-23 16:33:28 INFO  FCA_Test_Class:81 - User clicked on Value2 
2026-09-23 16:33:28 INFO  FCA_Test_Class:79 - User clicked on Value1 
2026-09-23 16:33:28 INFO  FCA_Test_Class:83 - User clicked on Value3 
2026-09-23 16:33:28 INFO  FCA_Test_Class:81 - User clicked on Value2 
2026-09-23 16:33:28 INFO  FCA_Test_Class:85 - User clicked on Close Year 
2026-09-23 16:33:28 INFO  FCA_Test_Class:87 - User clicked on OpenDrive section 
2026-09-23 16:33:28 INFO  FCA_Test_Class:83 - User clicked on Value3 
2026-09-23 16:33:28 INFO  FCA_Test_Class:85 - User clicked on Close Year 
2026-09-23 16:33:28 INFO  FCA_Test_Class:89 - User clicked on CloseDrive section 
2026-09-23 16:33:28 INFO  FCA_Test_Class:87 - User clicked on OpenDrive section 
2026-09-23 16:33:28 INFO  FCA_Test_Class:91 - User clicked on Reset Filter 
2026-09-23 16:33:28 INFO  FCA_Test_Class:89 - User clicked on CloseDrive section 
2026-09-23 16:33:29 INFO  FCA_Test_Class:91 - User clicked on Reset Filter 
2026-09-23 16:33:30 INFO  FCA_Test_Class:94 - User clicked on Continue Shopping 
2026-09-23 16:33:30 INFO  FCA_Test_Class:95 - Redirected to VDP Page
2026-09-23 16:33:31 INFO  FCA_Test_Class:94 - User clicked on Continue Shopping 
2026-09-23 16:33:31 INFO  FCA_Test_Class:95 - Redirected to VDP Page
2026-09-23 16:33:47 INFO  FCA_Test_Class:103 - User closed on Initial PopUp 
2026-09-23 16:33:47 INFO  FCA_Test_Class:103 - User closed on Initial PopUp 
2026-09-23 16:33:47 INFO  FCA_Test_Class:105 - User clicked on CASH TAB 
2026-09-23 16:33:47 INFO  FCA_Test_Class:105 - User clicked on CASH TAB 
2026-09-23 16:33:48 INFO  FCA_Test_Class:107 - User clicked on OpenTest Drive section 
2026-09-23 16:33:48 INFO  FCA_Test_Class:107 - User clicked on OpenTest Drive section 
2026-09-23 16:33:48 INFO  FCA_Test_Class:109 - User clicked on CloseTest Drive section 
2026-09-23 16:33:48 INFO  FCA_Test_Class:109 - User clicked on CloseTest Drive section 
2026-09-23 16:33:49 INFO  FCA_Test_Class:111 - User clicked on Payment Calculator section 
2026-09-23 16:33:49 INFO  FCA_Test_Class:111 - User clicked on Payment Calculator section 
2026-09-23 16:33:50 INFO  FCA_Test_Class:113 - User clicked on Continue 
2026-09-23 16:33:50 INFO  FCA_Test_Class:113 - User clicked on Continue 
2026-09-23 16:33:53 INFO  FCA_Test_Class:116 - User clicked on Closed Payment Calculator section 
2026-09-23 16:33:53 INFO  FCA_Test_Class:116 - User clicked on Closed Payment Calculator section 
2026-09-23 16:33:53 INFO  FCA_Test_Class:118 - User clicked on TradeIN section 
2026-09-23 16:33:53 INFO  FCA_Test_Class:118 - User clicked on TradeIN section 
2026-09-23 16:33:53 INFO  FCA_Test_Class:120 - User clicked on Service & Protection section 
2026-09-23 16:33:53 INFO  FCA_Test_Class:120 - User clicked on Service & Protection section 
2026-09-23 16:33:53 INFO  FCA_Test_Class:122 - User clicked on Delivery Review & Submit section 
2026-09-23 16:33:53 INFO  FCA_Test_Class:123 - User Reached till DRS TAB
2026-09-23 16:33:53 INFO  FCA_Test_Class:122 - User clicked on Delivery Review & Submit section 
2026-09-23 16:33:53 INFO  FCA_Test_Class:123 - User Reached till DRS TAB
2026-09-23 16:37:51 INFO  FCA_Test_Class:16 - User Landed to FCA Certified Home Page
2026-09-23 16:37:51 INFO  FCA_Test_Class:19 - User clicked on Cookie Popup
2026-09-23 16:37:51 INFO  FCA_Test_Class:21 - User clicked on Zip Code Field
2026-09-23 16:37:51 INFO  FCA_Test_Class:23 - User entered the Zip Code
2026-09-23 16:37:51 INFO  FCA_Test_Class:16 - User Landed to FCA Certified Home Page
2026-09-23 16:37:52 INFO  FCA_Test_Class:19 - User clicked on Cookie Popup
2026-09-23 16:37:52 INFO  FCA_Test_Class:25 - User clicked on Brand Logos
2026-09-23 16:37:52 INFO  FCA_Test_Class:21 - User clicked on Zip Code Field
2026-09-23 16:37:52 INFO  FCA_Test_Class:23 - User entered the Zip Code
2026-09-23 16:37:53 INFO  FCA_Test_Class:25 - User clicked on Brand Logos
2026-09-23 16:37:58 INFO  FCA_Test_Class:27 - User clicked on Submit Button
2026-09-23 16:37:58 INFO  FCA_Test_Class:28 - Redirected to SNI Page
2026-09-23 16:37:58 INFO  FCA_Test_Class:27 - User clicked on Submit Button
2026-09-23 16:37:58 INFO  FCA_Test_Class:28 - Redirected to SNI Page
2026-09-23 16:37:58 INFO  FCA_Test_Class:37 - User clicked on Cookie Popup 
2026-09-23 16:37:58 INFO  FCA_Test_Class:37 - User clicked on Cookie Popup 
2026-09-23 16:37:58 INFO  FCA_Test_Class:39 - User clicked on GoCPOV checkbox 
2026-09-23 16:37:58 INFO  FCA_Test_Class:39 - User clicked on GoCPOV checkbox 
2026-09-23 16:37:58 INFO  FCA_Test_Class:41 - User clicked on CPOV checkbox 
2026-09-23 16:37:58 INFO  FCA_Test_Class:41 - User clicked on CPOV checkbox 
2026-09-23 16:37:58 INFO  FCA_Test_Class:43 - User clicked on GoCPOV checkbox 
2026-09-23 16:37:58 INFO  FCA_Test_Class:43 - User clicked on GoCPOV checkbox 
2026-09-23 16:37:58 INFO  FCA_Test_Class:45 - User clicked on ZipCode Text Box 
2026-09-23 16:37:58 INFO  FCA_Test_Class:45 - User clicked on ZipCode Text Box 
2026-09-23 16:37:58 INFO  FCA_Test_Class:47 - User cleared the ZipCode 
2026-09-23 16:37:59 INFO  FCA_Test_Class:47 - User cleared the ZipCode 
2026-09-23 16:37:59 INFO  FCA_Test_Class:49 - User clicked on Enter the Zip Code 
2026-09-23 16:37:59 INFO  FCA_Test_Class:49 - User clicked on Enter the Zip Code 
2026-09-23 16:38:00 INFO  FCA_Test_Class:51 - User clicked on Update button to update the Zip Code 
2026-09-23 16:38:00 INFO  FCA_Test_Class:51 - User clicked on Update button to update the Zip Code 
2026-09-23 16:38:00 INFO  FCA_Test_Class:53 - User clicked on Partial Matches 
2026-09-23 16:38:00 INFO  FCA_Test_Class:53 - User clicked on Partial Matches 
2026-09-23 16:38:00 INFO  FCA_Test_Class:55 - User clicked on Exact Matches 
2026-09-23 16:38:00 INFO  FCA_Test_Class:55 - User clicked on Exact Matches 
2026-09-23 16:38:00 INFO  FCA_Test_Class:57 - User clicked on SortBy functionality 
2026-09-23 16:38:00 INFO  FCA_Test_Class:57 - User clicked on SortBy functionality 
2026-09-23 16:38:01 INFO  FCA_Test_Class:59 - User selected value 1 
2026-09-23 16:38:01 INFO  FCA_Test_Class:59 - User selected value 1 
2026-09-23 16:38:01 INFO  FCA_Test_Class:61 - User selected value 2 
2026-09-23 16:38:01 INFO  FCA_Test_Class:61 - User selected value 2 
2026-09-23 16:38:01 INFO  FCA_Test_Class:63 - User selected value 3 
2026-09-23 16:38:01 INFO  FCA_Test_Class:63 - User selected value 3 
2026-09-23 16:38:01 INFO  FCA_Test_Class:65 - User clicked on Open Dealer 
2026-09-23 16:38:01 INFO  FCA_Test_Class:65 - User clicked on Open Dealer 
2026-09-23 16:38:04 INFO  FCA_Test_Class:68 - User clicked on Show All Dealer 
2026-09-23 16:38:04 INFO  FCA_Test_Class:68 - User clicked on Show All Dealer 
2026-09-23 16:38:04 INFO  FCA_Test_Class:70 - User clicked on Show Less Dealer 
2026-09-23 16:38:04 INFO  FCA_Test_Class:70 - User clicked on Show Less Dealer 
2026-09-23 16:38:04 INFO  FCA_Test_Class:72 - User clicked on Dealer Checkbox 
2026-09-23 16:38:04 INFO  FCA_Test_Class:72 - User clicked on Dealer Checkbox 
2026-09-23 16:38:04 INFO  FCA_Test_Class:74 - User unchecked on Dealer Checkbox 
2026-09-23 16:38:04 INFO  FCA_Test_Class:74 - User unchecked on Dealer Checkbox 
2026-09-23 16:38:05 INFO  FCA_Test_Class:76 - User clicked on Open Year section 
2026-09-23 16:38:05 INFO  FCA_Test_Class:76 - User clicked on Open Year section 
2026-09-23 16:38:08 INFO  FCA_Test_Class:79 - User clicked on Value1 
2026-09-23 16:38:08 INFO  FCA_Test_Class:79 - User clicked on Value1 
2026-09-23 16:38:08 INFO  FCA_Test_Class:81 - User clicked on Value2 
2026-09-23 16:38:08 INFO  FCA_Test_Class:81 - User clicked on Value2 
2026-09-23 16:38:08 INFO  FCA_Test_Class:83 - User clicked on Value3 
2026-09-23 16:38:08 INFO  FCA_Test_Class:83 - User clicked on Value3 
2026-09-23 16:38:08 INFO  FCA_Test_Class:85 - User clicked on Close Year 
2026-09-23 16:38:08 INFO  FCA_Test_Class:85 - User clicked on Close Year 
2026-09-23 16:38:08 INFO  FCA_Test_Class:87 - User clicked on OpenDrive section 
2026-09-23 16:38:09 INFO  FCA_Test_Class:89 - User clicked on CloseDrive section 
2026-09-23 16:38:09 INFO  FCA_Test_Class:87 - User clicked on OpenDrive section 
2026-09-23 16:38:09 INFO  FCA_Test_Class:89 - User clicked on CloseDrive section 
2026-09-23 16:38:09 INFO  FCA_Test_Class:91 - User clicked on Reset Filter 
2026-09-23 16:38:09 INFO  FCA_Test_Class:91 - User clicked on Reset Filter 
2026-09-23 16:38:11 INFO  FCA_Test_Class:94 - User clicked on Continue Shopping 
2026-09-23 16:38:11 INFO  FCA_Test_Class:95 - Redirected to VDP Page
2026-09-23 16:38:11 INFO  FCA_Test_Class:94 - User clicked on Continue Shopping 
2026-09-23 16:38:11 INFO  FCA_Test_Class:95 - Redirected to VDP Page
2026-09-23 16:38:27 INFO  FCA_Test_Class:103 - User closed on Initial PopUp 
2026-09-23 16:38:27 INFO  FCA_Test_Class:103 - User closed on Initial PopUp 
2026-09-23 16:38:27 INFO  FCA_Test_Class:105 - User clicked on CASH TAB 
2026-09-23 16:38:27 INFO  FCA_Test_Class:105 - User clicked on CASH TAB 
2026-09-23 16:38:27 INFO  FCA_Test_Class:107 - User clicked on OpenTest Drive section 
2026-09-23 16:38:28 INFO  FCA_Test_Class:107 - User clicked on OpenTest Drive section 
2026-09-23 16:38:28 INFO  FCA_Test_Class:109 - User clicked on CloseTest Drive section 
2026-09-23 16:38:28 INFO  FCA_Test_Class:109 - User clicked on CloseTest Drive section 
2026-09-23 16:38:29 INFO  FCA_Test_Class:111 - User clicked on Payment Calculator section 
2026-09-23 16:38:29 INFO  FCA_Test_Class:111 - User clicked on Payment Calculator section 
2026-09-23 16:38:29 INFO  FCA_Test_Class:113 - User clicked on Continue 
2026-09-23 16:38:29 INFO  FCA_Test_Class:113 - User clicked on Continue 
2026-09-23 16:38:32 INFO  FCA_Test_Class:116 - User clicked on Closed Payment Calculator section 
2026-09-23 16:38:32 INFO  FCA_Test_Class:116 - User clicked on Closed Payment Calculator section 
2026-09-23 16:38:33 INFO  FCA_Test_Class:118 - User clicked on TradeIN section 
2026-09-23 16:38:33 INFO  FCA_Test_Class:118 - User clicked on TradeIN section 
2026-09-23 16:38:33 INFO  FCA_Test_Class:120 - User clicked on Service & Protection section 
2026-09-23 16:38:33 INFO  FCA_Test_Class:120 - User clicked on Service & Protection section 
2026-09-23 16:38:33 INFO  FCA_Test_Class:122 - User clicked on Delivery Review & Submit section 
2026-09-23 16:38:33 INFO  FCA_Test_Class:123 - User Reached till DRS TAB
2026-09-23 16:38:33 INFO  FCA_Test_Class:122 - User clicked on Delivery Review & Submit section 
2026-09-23 16:38:33 INFO  FCA_Test_Class:123 - User Reached till DRS TAB
2026-09-23 16:41:02 INFO  FCA_Test_Class:16 - User Landed to FCA Certified Home Page
2026-09-23 16:41:02 INFO  FCA_Test_Class:19 - User clicked on Cookie Popup
2026-09-23 16:41:02 INFO  FCA_Test_Class:16 - User Landed to FCA Certified Home Page
2026-09-23 16:41:02 INFO  FCA_Test_Class:21 - User clicked on Zip Code Field
2026-09-23 16:41:02 INFO  FCA_Test_Class:19 - User clicked on Cookie Popup
2026-09-23 16:41:02 INFO  FCA_Test_Class:23 - User entered the Zip Code
2026-09-23 16:41:02 INFO  FCA_Test_Class:21 - User clicked on Zip Code Field
2026-09-23 16:41:02 INFO  FCA_Test_Class:23 - User entered the Zip Code
2026-09-23 16:41:02 INFO  FCA_Test_Class:25 - User clicked on Brand Logos
2026-09-23 16:41:03 INFO  FCA_Test_Class:25 - User clicked on Brand Logos
2026-09-23 16:41:09 INFO  FCA_Test_Class:27 - User clicked on Submit Button
2026-09-23 16:41:09 INFO  FCA_Test_Class:28 - Redirected to SNI Page
2026-09-23 16:41:09 INFO  FCA_Test_Class:37 - User clicked on Cookie Popup 
2026-09-23 16:41:09 INFO  FCA_Test_Class:27 - User clicked on Submit Button
2026-09-23 16:41:09 INFO  FCA_Test_Class:28 - Redirected to SNI Page
2026-09-23 16:41:09 INFO  FCA_Test_Class:39 - User clicked on GoCPOV checkbox 
2026-09-23 16:41:09 INFO  FCA_Test_Class:37 - User clicked on Cookie Popup 
2026-09-23 16:41:09 INFO  FCA_Test_Class:41 - User clicked on CPOV checkbox 
2026-09-23 16:41:09 INFO  FCA_Test_Class:39 - User clicked on GoCPOV checkbox 
2026-09-23 16:41:09 INFO  FCA_Test_Class:43 - User clicked on GoCPOV checkbox 
2026-09-23 16:41:09 INFO  FCA_Test_Class:41 - User clicked on CPOV checkbox 
2026-09-23 16:41:09 INFO  FCA_Test_Class:45 - User clicked on ZipCode Text Box 
2026-09-23 16:41:09 INFO  FCA_Test_Class:43 - User clicked on GoCPOV checkbox 
2026-09-23 16:41:09 INFO  FCA_Test_Class:47 - User cleared the ZipCode 
2026-09-23 16:41:09 INFO  FCA_Test_Class:49 - User clicked on Enter the Zip Code 
2026-09-23 16:41:09 INFO  FCA_Test_Class:45 - User clicked on ZipCode Text Box 
2026-09-23 16:41:09 INFO  FCA_Test_Class:47 - User cleared the ZipCode 
2026-09-23 16:41:10 INFO  FCA_Test_Class:49 - User clicked on Enter the Zip Code 
2026-09-23 16:41:11 INFO  FCA_Test_Class:51 - User clicked on Update button to update the Zip Code 
2026-09-23 16:41:11 INFO  FCA_Test_Class:53 - User clicked on Partial Matches 
2026-09-23 16:41:11 INFO  FCA_Test_Class:51 - User clicked on Update button to update the Zip Code 
2026-09-23 16:41:11 INFO  FCA_Test_Class:55 - User clicked on Exact Matches 
2026-09-23 16:41:11 INFO  FCA_Test_Class:57 - User clicked on SortBy functionality 
2026-09-23 16:41:11 INFO  FCA_Test_Class:53 - User clicked on Partial Matches 
2026-09-23 16:41:11 INFO  FCA_Test_Class:59 - User selected value 1 
2026-09-23 16:41:11 INFO  FCA_Test_Class:55 - User clicked on Exact Matches 
2026-09-23 16:41:11 INFO  FCA_Test_Class:61 - User selected value 2 
2026-09-23 16:41:11 INFO  FCA_Test_Class:63 - User selected value 3 
2026-09-23 16:41:11 INFO  FCA_Test_Class:57 - User clicked on SortBy functionality 
2026-09-23 16:41:11 INFO  FCA_Test_Class:59 - User selected value 1 
2026-09-23 16:41:11 INFO  FCA_Test_Class:65 - User clicked on Open Dealer 
2026-09-23 16:41:11 INFO  FCA_Test_Class:61 - User selected value 2 
2026-09-23 16:41:12 INFO  FCA_Test_Class:63 - User selected value 3 
2026-09-23 16:41:12 INFO  FCA_Test_Class:65 - User clicked on Open Dealer 
2026-09-23 16:41:15 INFO  FCA_Test_Class:68 - User clicked on Show All Dealer 
2026-09-23 16:41:15 INFO  FCA_Test_Class:70 - User clicked on Show Less Dealer 
2026-09-23 16:41:15 INFO  FCA_Test_Class:72 - User clicked on Dealer Checkbox 
2026-09-23 16:41:15 INFO  FCA_Test_Class:68 - User clicked on Show All Dealer 
2026-09-23 16:41:15 INFO  FCA_Test_Class:74 - User unchecked on Dealer Checkbox 
2026-09-23 16:41:15 INFO  FCA_Test_Class:70 - User clicked on Show Less Dealer 
2026-09-23 16:41:15 INFO  FCA_Test_Class:76 - User clicked on Open Year section 
2026-09-23 16:41:15 INFO  FCA_Test_Class:72 - User clicked on Dealer Checkbox 
2026-09-23 16:41:15 INFO  FCA_Test_Class:74 - User unchecked on Dealer Checkbox 
2026-09-23 16:41:15 INFO  FCA_Test_Class:76 - User clicked on Open Year section 
2026-09-23 16:41:18 INFO  FCA_Test_Class:79 - User clicked on Value1 
2026-09-23 16:41:18 INFO  FCA_Test_Class:81 - User clicked on Value2 
2026-09-23 16:41:18 INFO  FCA_Test_Class:83 - User clicked on Value3 
2026-09-23 16:41:18 INFO  FCA_Test_Class:85 - User clicked on Close Year 
2026-09-23 16:41:19 INFO  FCA_Test_Class:79 - User clicked on Value1 
2026-09-23 16:41:19 INFO  FCA_Test_Class:81 - User clicked on Value2 
2026-09-23 16:41:19 INFO  FCA_Test_Class:87 - User clicked on OpenDrive section 
2026-09-23 16:41:19 INFO  FCA_Test_Class:89 - User clicked on CloseDrive section 
2026-09-23 16:41:19 INFO  FCA_Test_Class:83 - User clicked on Value3 
2026-09-23 16:41:19 INFO  FCA_Test_Class:85 - User clicked on Close Year 
2026-09-23 16:41:19 INFO  FCA_Test_Class:87 - User clicked on OpenDrive section 
2026-09-23 16:41:19 INFO  FCA_Test_Class:91 - User clicked on Reset Filter 
2026-09-23 16:41:19 INFO  FCA_Test_Class:89 - User clicked on CloseDrive section 
2026-09-23 16:41:20 INFO  FCA_Test_Class:91 - User clicked on Reset Filter 
2026-09-23 16:41:21 INFO  FCA_Test_Class:94 - User clicked on Continue Shopping 
2026-09-23 16:41:21 INFO  FCA_Test_Class:95 - Redirected to VDP Page
2026-09-23 16:41:22 INFO  FCA_Test_Class:94 - User clicked on Continue Shopping 
2026-09-23 16:41:22 INFO  FCA_Test_Class:95 - Redirected to VDP Page
2026-09-23 16:41:36 INFO  FCA_Test_Class:103 - User closed on Initial PopUp 
2026-09-23 16:41:36 INFO  FCA_Test_Class:105 - User clicked on CASH TAB 
2026-09-23 16:41:36 INFO  FCA_Test_Class:107 - User clicked on OpenTest Drive section 
2026-09-23 16:41:37 INFO  FCA_Test_Class:109 - User clicked on CloseTest Drive section 
2026-09-23 16:41:37 INFO  FCA_Test_Class:111 - User clicked on Payment Calculator section 
2026-09-23 16:41:37 INFO  FCA_Test_Class:113 - User clicked on Continue 
2026-09-23 16:41:40 INFO  FCA_Test_Class:103 - User closed on Initial PopUp 
2026-09-23 16:41:40 INFO  FCA_Test_Class:105 - User clicked on CASH TAB 
2026-09-23 16:41:41 INFO  FCA_Test_Class:116 - User clicked on Closed Payment Calculator section 
2026-09-23 16:41:41 INFO  FCA_Test_Class:107 - User clicked on OpenTest Drive section 
2026-09-23 16:41:41 INFO  FCA_Test_Class:118 - User clicked on TradeIN section 
2026-09-23 16:41:41 INFO  FCA_Test_Class:120 - User clicked on Service & Protection section 
2026-09-23 16:41:41 INFO  FCA_Test_Class:122 - User clicked on Delivery Review & Submit section 
2026-09-23 16:41:41 INFO  FCA_Test_Class:123 - User Reached till DRS TAB
2026-09-23 16:41:41 INFO  FCA_Test_Class:109 - User clicked on CloseTest Drive section 
2026-09-23 16:41:42 INFO  FCA_Test_Class:111 - User clicked on Payment Calculator section 
2026-09-23 16:41:42 INFO  FCA_Test_Class:113 - User clicked on Continue 
2026-09-23 16:41:45 INFO  FCA_Test_Class:116 - User clicked on Closed Payment Calculator section 
2026-09-23 16:41:46 INFO  FCA_Test_Class:118 - User clicked on TradeIN section 
2026-09-23 16:41:46 INFO  FCA_Test_Class:120 - User clicked on Service & Protection section 
2026-09-23 16:41:46 INFO  FCA_Test_Class:122 - User clicked on Delivery Review & Submit section 
2026-09-23 16:41:46 INFO  FCA_Test_Class:123 - User Reached till DRS TAB
2026-09-24 16:36:01 INFO  FCA_Test_Class:16 - User Landed to FCA Certified Home Page
2026-09-24 16:36:01 INFO  FCA_Test_Class:16 - User Landed to FCA Certified Home Page
2026-09-24 16:36:01 INFO  FCA_Test_Class:19 - User clicked on Cookie Popup
2026-09-24 16:36:01 INFO  FCA_Test_Class:19 - User clicked on Cookie Popup
2026-09-24 16:36:01 INFO  FCA_Test_Class:21 - User clicked on Zip Code Field
2026-09-24 16:36:01 INFO  FCA_Test_Class:23 - User entered the Zip Code
2026-09-24 16:36:01 INFO  FCA_Test_Class:21 - User clicked on Zip Code Field
2026-09-24 16:36:02 INFO  FCA_Test_Class:23 - User entered the Zip Code
2026-09-24 16:36:02 INFO  FCA_Test_Class:25 - User clicked on Brand Logos
2026-09-24 16:36:02 INFO  FCA_Test_Class:25 - User clicked on Brand Logos
2026-09-24 16:36:07 INFO  FCA_Test_Class:27 - User clicked on Submit Button
2026-09-24 16:36:07 INFO  FCA_Test_Class:28 - Redirected to SNI Page
2026-09-24 16:36:07 INFO  FCA_Test_Class:27 - User clicked on Submit Button
2026-09-24 16:36:07 INFO  FCA_Test_Class:28 - Redirected to SNI Page
2026-09-24 16:36:07 INFO  FCA_Test_Class:37 - User clicked on Cookie Popup 
2026-09-24 16:36:08 INFO  FCA_Test_Class:37 - User clicked on Cookie Popup 
2026-09-24 16:36:08 INFO  FCA_Test_Class:39 - User clicked on GoCPOV checkbox 
2026-09-24 16:36:08 INFO  FCA_Test_Class:39 - User clicked on GoCPOV checkbox 
2026-09-24 16:36:08 INFO  FCA_Test_Class:41 - User clicked on CPOV checkbox 
2026-09-24 16:36:08 INFO  FCA_Test_Class:41 - User clicked on CPOV checkbox 
2026-09-24 16:36:08 INFO  FCA_Test_Class:43 - User clicked on GoCPOV checkbox 
2026-09-24 16:36:08 INFO  FCA_Test_Class:45 - User clicked on ZipCode Text Box 
2026-09-24 16:36:08 INFO  FCA_Test_Class:43 - User clicked on GoCPOV checkbox 
2026-09-24 16:36:08 INFO  FCA_Test_Class:47 - User cleared the ZipCode 
2026-09-24 16:36:08 INFO  FCA_Test_Class:45 - User clicked on ZipCode Text Box 
2026-09-24 16:36:08 INFO  FCA_Test_Class:49 - User clicked on Enter the Zip Code 
2026-09-24 16:36:08 INFO  FCA_Test_Class:47 - User cleared the ZipCode 
2026-09-24 16:36:08 INFO  FCA_Test_Class:49 - User clicked on Enter the Zip Code 
2026-09-24 16:36:09 INFO  FCA_Test_Class:51 - User clicked on Update button to update the Zip Code 
2026-09-24 16:36:09 INFO  FCA_Test_Class:51 - User clicked on Update button to update the Zip Code 
2026-09-24 16:36:10 INFO  FCA_Test_Class:53 - User clicked on Partial Matches 
2026-09-24 16:36:10 INFO  FCA_Test_Class:53 - User clicked on Partial Matches 
2026-09-24 16:36:10 INFO  FCA_Test_Class:55 - User clicked on Exact Matches 
2026-09-24 16:36:10 INFO  FCA_Test_Class:55 - User clicked on Exact Matches 
2026-09-24 16:36:10 INFO  FCA_Test_Class:57 - User clicked on SortBy functionality 
2026-09-24 16:36:10 INFO  FCA_Test_Class:57 - User clicked on SortBy functionality 
2026-09-24 16:36:10 INFO  FCA_Test_Class:59 - User selected value 1 
2026-09-24 16:36:10 INFO  FCA_Test_Class:59 - User selected value 1 
2026-09-24 16:36:10 INFO  FCA_Test_Class:61 - User selected value 2 
2026-09-24 16:36:10 INFO  FCA_Test_Class:63 - User selected value 3 
2026-09-24 16:36:10 INFO  FCA_Test_Class:61 - User selected value 2 
2026-09-24 16:36:10 INFO  FCA_Test_Class:63 - User selected value 3 
2026-09-24 16:36:11 INFO  FCA_Test_Class:65 - User clicked on Open Dealer 
2026-09-24 16:36:11 INFO  FCA_Test_Class:65 - User clicked on Open Dealer 
2026-09-24 16:36:14 INFO  FCA_Test_Class:68 - User clicked on Show All Dealer 
2026-09-24 16:36:14 INFO  FCA_Test_Class:68 - User clicked on Show All Dealer 
2026-09-24 16:36:14 INFO  FCA_Test_Class:70 - User clicked on Show Less Dealer 
2026-09-24 16:36:14 INFO  FCA_Test_Class:72 - User clicked on Dealer Checkbox 
2026-09-24 16:36:14 INFO  FCA_Test_Class:74 - User unchecked on Dealer Checkbox 
2026-09-24 16:36:14 INFO  FCA_Test_Class:76 - User clicked on Open Year section 
2026-09-24 16:36:17 INFO  FCA_Test_Class:79 - User clicked on Value1 
2026-09-24 16:36:18 INFO  FCA_Test_Class:81 - User clicked on Value2 
2026-09-24 16:36:18 INFO  FCA_Test_Class:83 - User clicked on Value3 
2026-09-24 16:36:18 INFO  FCA_Test_Class:85 - User clicked on Close Year 
2026-09-24 16:36:18 INFO  FCA_Test_Class:87 - User clicked on OpenDrive section 
2026-09-24 16:36:18 INFO  FCA_Test_Class:89 - User clicked on CloseDrive section 
2026-09-24 16:36:18 INFO  FCA_Test_Class:91 - User clicked on Reset Filter 
2026-09-24 16:36:20 INFO  FCA_Test_Class:94 - User clicked on Continue Shopping 
2026-09-24 16:36:20 INFO  FCA_Test_Class:95 - Redirected to VDP Page
2026-09-24 16:36:35 INFO  FCA_Test_Class:103 - User closed on Initial PopUp 
2026-09-24 16:36:35 INFO  FCA_Test_Class:105 - User clicked on CASH TAB 
2026-09-24 16:36:36 INFO  FCA_Test_Class:107 - User clicked on OpenTest Drive section 
2026-09-24 16:36:36 INFO  FCA_Test_Class:109 - User clicked on CloseTest Drive section 
2026-09-24 16:36:36 INFO  FCA_Test_Class:111 - User clicked on Payment Calculator section 
2026-09-24 16:36:37 INFO  FCA_Test_Class:113 - User clicked on Continue 
2026-09-24 16:36:40 INFO  FCA_Test_Class:116 - User clicked on Closed Payment Calculator section 
2026-09-24 16:36:40 INFO  FCA_Test_Class:118 - User clicked on TradeIN section 
2026-09-24 16:36:40 INFO  FCA_Test_Class:120 - User clicked on Service & Protection section 
2026-09-24 16:36:40 INFO  FCA_Test_Class:122 - User clicked on Delivery Review & Submit section 
2026-09-24 16:36:40 INFO  FCA_Test_Class:123 - User Reached till DRS TAB
2026-09-24 16:37:43 INFO  FCA_Test_Class:16 - User Landed to FCA Certified Home Page
2026-09-24 16:37:43 INFO  FCA_Test_Class:19 - User clicked on Cookie Popup
2026-09-24 16:37:43 INFO  FCA_Test_Class:21 - User clicked on Zip Code Field
2026-09-24 16:37:43 INFO  FCA_Test_Class:23 - User entered the Zip Code
2026-09-24 16:37:43 INFO  FCA_Test_Class:16 - User Landed to FCA Certified Home Page
2026-09-24 16:37:43 INFO  FCA_Test_Class:19 - User clicked on Cookie Popup
2026-09-24 16:37:43 INFO  FCA_Test_Class:25 - User clicked on Brand Logos
2026-09-24 16:37:44 INFO  FCA_Test_Class:21 - User clicked on Zip Code Field
2026-09-24 16:37:44 INFO  FCA_Test_Class:23 - User entered the Zip Code
2026-09-24 16:37:44 INFO  FCA_Test_Class:25 - User clicked on Brand Logos
2026-09-24 16:37:48 INFO  FCA_Test_Class:27 - User clicked on Submit Button
2026-09-24 16:37:48 INFO  FCA_Test_Class:28 - Redirected to SNI Page
2026-09-24 16:37:48 INFO  FCA_Test_Class:37 - User clicked on Cookie Popup 
2026-09-24 16:37:49 INFO  FCA_Test_Class:39 - User clicked on GoCPOV checkbox 
2026-09-24 16:37:49 INFO  FCA_Test_Class:41 - User clicked on CPOV checkbox 
2026-09-24 16:37:49 INFO  FCA_Test_Class:43 - User clicked on GoCPOV checkbox 
2026-09-24 16:37:49 INFO  FCA_Test_Class:45 - User clicked on ZipCode Text Box 
2026-09-24 16:37:49 INFO  FCA_Test_Class:47 - User cleared the ZipCode 
2026-09-24 16:37:49 INFO  FCA_Test_Class:49 - User clicked on Enter the Zip Code 
2026-09-24 16:37:50 INFO  FCA_Test_Class:27 - User clicked on Submit Button
2026-09-24 16:37:50 INFO  FCA_Test_Class:28 - Redirected to SNI Page
2026-09-24 16:37:50 INFO  FCA_Test_Class:51 - User clicked on Update button to update the Zip Code 
2026-09-24 16:37:50 INFO  FCA_Test_Class:37 - User clicked on Cookie Popup 
2026-09-24 16:37:50 INFO  FCA_Test_Class:53 - User clicked on Partial Matches 
2026-09-24 16:37:51 INFO  FCA_Test_Class:39 - User clicked on GoCPOV checkbox 
2026-09-24 16:37:51 INFO  FCA_Test_Class:41 - User clicked on CPOV checkbox 
2026-09-24 16:37:51 INFO  FCA_Test_Class:55 - User clicked on Exact Matches 
2026-09-24 16:37:51 INFO  FCA_Test_Class:57 - User clicked on SortBy functionality 
2026-09-24 16:37:51 INFO  FCA_Test_Class:43 - User clicked on GoCPOV checkbox 
2026-09-24 16:37:51 INFO  FCA_Test_Class:59 - User selected value 1 
2026-09-24 16:37:51 INFO  FCA_Test_Class:61 - User selected value 2 
2026-09-24 16:37:51 INFO  FCA_Test_Class:63 - User selected value 3 
2026-09-24 16:37:51 INFO  FCA_Test_Class:45 - User clicked on ZipCode Text Box 
2026-09-24 16:37:51 INFO  FCA_Test_Class:47 - User cleared the ZipCode 
2026-09-24 16:37:51 INFO  FCA_Test_Class:65 - User clicked on Open Dealer 
2026-09-24 16:37:51 INFO  FCA_Test_Class:49 - User clicked on Enter the Zip Code 
2026-09-24 16:37:53 INFO  FCA_Test_Class:51 - User clicked on Update button to update the Zip Code 
2026-09-24 16:37:54 INFO  FCA_Test_Class:53 - User clicked on Partial Matches 
2026-09-24 16:37:54 INFO  FCA_Test_Class:55 - User clicked on Exact Matches 
2026-09-24 16:37:54 INFO  FCA_Test_Class:57 - User clicked on SortBy functionality 
2026-09-24 16:37:54 INFO  FCA_Test_Class:59 - User selected value 1 
2026-09-24 16:37:54 INFO  FCA_Test_Class:61 - User selected value 2 
2026-09-24 16:37:54 INFO  FCA_Test_Class:63 - User selected value 3 
2026-09-24 16:37:54 INFO  FCA_Test_Class:65 - User clicked on Open Dealer 
2026-09-24 16:37:54 INFO  FCA_Test_Class:68 - User clicked on Show All Dealer 
2026-09-24 16:37:55 INFO  FCA_Test_Class:70 - User clicked on Show Less Dealer 
2026-09-24 16:37:55 INFO  FCA_Test_Class:72 - User clicked on Dealer Checkbox 
2026-09-24 16:37:55 INFO  FCA_Test_Class:74 - User unchecked on Dealer Checkbox 
2026-09-24 16:37:55 INFO  FCA_Test_Class:76 - User clicked on Open Year section 
2026-09-24 16:37:57 INFO  FCA_Test_Class:68 - User clicked on Show All Dealer 
2026-09-24 16:37:58 INFO  FCA_Test_Class:79 - User clicked on Value1 
2026-09-24 16:37:58 INFO  FCA_Test_Class:81 - User clicked on Value2 
2026-09-24 16:37:58 INFO  FCA_Test_Class:83 - User clicked on Value3 
2026-09-24 16:37:58 INFO  FCA_Test_Class:85 - User clicked on Close Year 
2026-09-24 16:37:58 INFO  FCA_Test_Class:87 - User clicked on OpenDrive section 
2026-09-24 16:37:59 INFO  FCA_Test_Class:89 - User clicked on CloseDrive section 
2026-09-24 16:37:59 INFO  FCA_Test_Class:91 - User clicked on Reset Filter 
2026-09-24 16:38:01 INFO  FCA_Test_Class:94 - User clicked on Continue Shopping 
2026-09-24 16:38:01 INFO  FCA_Test_Class:95 - Redirected to VDP Page
2026-09-24 16:38:15 INFO  FCA_Test_Class:103 - User closed on Initial PopUp 
2026-09-24 16:38:15 INFO  FCA_Test_Class:105 - User clicked on CASH TAB 
2026-09-24 16:38:16 INFO  FCA_Test_Class:107 - User clicked on OpenTest Drive section 
2026-09-24 16:38:16 INFO  FCA_Test_Class:109 - User clicked on CloseTest Drive section 
2026-09-24 16:38:16 INFO  FCA_Test_Class:111 - User clicked on Payment Calculator section 
2026-09-24 16:38:17 INFO  FCA_Test_Class:113 - User clicked on Continue 
2026-09-24 16:38:20 INFO  FCA_Test_Class:116 - User clicked on Closed Payment Calculator section 
2026-09-24 16:38:20 INFO  FCA_Test_Class:118 - User clicked on TradeIN section 
2026-09-24 16:38:20 INFO  FCA_Test_Class:120 - User clicked on Service & Protection section 
2026-09-24 16:38:20 INFO  FCA_Test_Class:122 - User clicked on Delivery Review & Submit section 
2026-09-24 16:38:20 INFO  FCA_Test_Class:123 - User Reached till DRS TAB
2026-09-24 16:39:38 INFO  FCA_Test_Class:16 - User Landed to FCA Certified Home Page
2026-09-24 16:39:38 INFO  FCA_Test_Class:19 - User clicked on Cookie Popup
2026-09-24 16:39:38 INFO  FCA_Test_Class:21 - User clicked on Zip Code Field
2026-09-24 16:39:38 INFO  FCA_Test_Class:23 - User entered the Zip Code
2026-09-24 16:39:38 INFO  FCA_Test_Class:25 - User clicked on Brand Logos
2026-09-24 16:39:44 INFO  FCA_Test_Class:27 - User clicked on Submit Button
2026-09-24 16:39:44 INFO  FCA_Test_Class:28 - Redirected to SNI Page
2026-09-24 16:39:44 INFO  FCA_Test_Class:37 - User clicked on Cookie Popup 
2026-09-24 16:39:44 INFO  FCA_Test_Class:39 - User clicked on GoCPOV checkbox 
2026-09-24 16:39:44 INFO  FCA_Test_Class:41 - User clicked on CPOV checkbox 
2026-09-24 16:39:44 INFO  FCA_Test_Class:43 - User clicked on GoCPOV checkbox 
2026-09-24 16:39:44 INFO  FCA_Test_Class:45 - User clicked on ZipCode Text Box 
2026-09-24 16:39:44 INFO  FCA_Test_Class:47 - User cleared the ZipCode 
2026-09-24 16:39:44 INFO  FCA_Test_Class:49 - User clicked on Enter the Zip Code 
2026-09-24 16:39:46 INFO  FCA_Test_Class:51 - User clicked on Update button to update the Zip Code 
2026-09-24 16:39:46 INFO  FCA_Test_Class:53 - User clicked on Partial Matches 
2026-09-24 16:39:46 INFO  FCA_Test_Class:55 - User clicked on Exact Matches 
2026-09-24 16:39:46 INFO  FCA_Test_Class:57 - User clicked on SortBy functionality 
2026-09-24 16:39:46 INFO  FCA_Test_Class:59 - User selected value 1 
2026-09-24 16:39:46 INFO  FCA_Test_Class:61 - User selected value 2 
2026-09-24 16:39:47 INFO  FCA_Test_Class:63 - User selected value 3 
2026-09-24 16:39:47 INFO  FCA_Test_Class:65 - User clicked on Open Dealer 
2026-09-24 16:39:50 INFO  FCA_Test_Class:68 - User clicked on Show All Dealer 
2026-09-24 16:39:50 INFO  FCA_Test_Class:70 - User clicked on Show Less Dealer 
2026-09-24 16:39:50 INFO  FCA_Test_Class:72 - User clicked on Dealer Checkbox 
2026-09-24 16:39:50 INFO  FCA_Test_Class:74 - User unchecked on Dealer Checkbox 
2026-09-24 16:39:50 INFO  FCA_Test_Class:76 - User clicked on Open Year section 
2026-09-24 16:39:53 INFO  FCA_Test_Class:79 - User clicked on Value1 
2026-09-24 16:39:53 INFO  FCA_Test_Class:81 - User clicked on Value2 
2026-09-24 16:39:53 INFO  FCA_Test_Class:83 - User clicked on Value3 
2026-09-24 16:39:53 INFO  FCA_Test_Class:85 - User clicked on Close Year 
2026-09-24 16:39:54 INFO  FCA_Test_Class:87 - User clicked on OpenDrive section 
2026-09-24 16:39:54 INFO  FCA_Test_Class:89 - User clicked on CloseDrive section 
2026-09-24 16:39:54 INFO  FCA_Test_Class:91 - User clicked on Reset Filter 
2026-09-24 16:39:56 INFO  FCA_Test_Class:94 - User clicked on Continue Shopping 
2026-09-24 16:39:56 INFO  FCA_Test_Class:95 - Redirected to VDP Page
2026-09-24 16:40:13 INFO  FCA_Test_Class:103 - User closed on Initial PopUp 
2026-09-24 16:40:13 INFO  FCA_Test_Class:105 - User clicked on CASH TAB 
2026-09-24 16:40:14 INFO  FCA_Test_Class:107 - User clicked on OpenTest Drive section 
2026-09-24 16:40:14 INFO  FCA_Test_Class:109 - User clicked on CloseTest Drive section 
2026-09-24 16:40:14 INFO  FCA_Test_Class:111 - User clicked on Payment Calculator section 
2026-09-24 16:40:15 INFO  FCA_Test_Class:113 - User clicked on Continue 
2026-09-24 16:40:18 INFO  FCA_Test_Class:116 - User clicked on Closed Payment Calculator section 
2026-09-24 16:40:18 INFO  FCA_Test_Class:118 - User clicked on TradeIN section 
2026-09-24 16:40:18 INFO  FCA_Test_Class:120 - User clicked on Service & Protection section 
2026-09-24 16:40:18 INFO  FCA_Test_Class:122 - User clicked on Delivery Review & Submit section 
2026-09-24 16:40:18 INFO  FCA_Test_Class:123 - User Reached till DRS TAB
2026-09-24 16:43:20 INFO  FCA_Test_Class:16 - User Landed to FCA Certified Home Page
2026-09-24 16:43:21 INFO  FCA_Test_Class:19 - User clicked on Cookie Popup
2026-09-24 16:43:21 INFO  FCA_Test_Class:21 - User clicked on Zip Code Field
2026-09-24 16:43:21 INFO  FCA_Test_Class:23 - User entered the Zip Code
2026-09-24 16:43:21 INFO  FCA_Test_Class:25 - User clicked on Brand Logos
2026-09-24 16:43:27 INFO  FCA_Test_Class:27 - User clicked on Submit Button
2026-09-24 16:43:27 INFO  FCA_Test_Class:28 - Redirected to SNI Page
2026-09-24 16:43:27 INFO  FCA_Test_Class:37 - User clicked on Cookie Popup 
2026-09-24 16:43:27 INFO  FCA_Test_Class:39 - User clicked on GoCPOV checkbox 
2026-09-24 16:43:27 INFO  FCA_Test_Class:41 - User clicked on CPOV checkbox 
2026-09-24 16:43:27 INFO  FCA_Test_Class:43 - User clicked on GoCPOV checkbox 
2026-09-24 16:43:27 INFO  FCA_Test_Class:45 - User clicked on ZipCode Text Box 
2026-09-24 16:43:27 INFO  FCA_Test_Class:47 - User cleared the ZipCode 
2026-09-24 16:43:27 INFO  FCA_Test_Class:49 - User clicked on Enter the Zip Code 
2026-09-24 16:43:29 INFO  FCA_Test_Class:51 - User clicked on Update button to update the Zip Code 
2026-09-24 16:43:29 INFO  FCA_Test_Class:53 - User clicked on Partial Matches 
2026-09-24 16:43:29 INFO  FCA_Test_Class:55 - User clicked on Exact Matches 
2026-09-24 16:43:29 INFO  FCA_Test_Class:57 - User clicked on SortBy functionality 
2026-09-24 16:43:29 INFO  FCA_Test_Class:59 - User selected value 1 
2026-09-24 16:43:29 INFO  FCA_Test_Class:61 - User selected value 2 
2026-09-24 16:43:29 INFO  FCA_Test_Class:63 - User selected value 3 
2026-09-24 16:43:29 INFO  FCA_Test_Class:65 - User clicked on Open Dealer 
2026-09-24 16:43:33 INFO  FCA_Test_Class:68 - User clicked on Show All Dealer 
2026-09-24 16:43:33 INFO  FCA_Test_Class:70 - User clicked on Show Less Dealer 
2026-09-24 16:43:33 INFO  FCA_Test_Class:72 - User clicked on Dealer Checkbox 
2026-09-24 16:43:33 INFO  FCA_Test_Class:74 - User unchecked on Dealer Checkbox 
2026-09-24 16:43:33 INFO  FCA_Test_Class:76 - User clicked on Open Year section 
2026-09-24 16:43:36 INFO  FCA_Test_Class:79 - User clicked on Value1 
2026-09-24 16:43:36 INFO  FCA_Test_Class:81 - User clicked on Value2 
2026-09-24 16:43:36 INFO  FCA_Test_Class:83 - User clicked on Value3 
2026-09-24 16:43:36 INFO  FCA_Test_Class:85 - User clicked on Close Year 
2026-09-24 16:43:37 INFO  FCA_Test_Class:87 - User clicked on OpenDrive section 
2026-09-24 16:43:37 INFO  FCA_Test_Class:89 - User clicked on CloseDrive section 
2026-09-24 16:43:37 INFO  FCA_Test_Class:91 - User clicked on Reset Filter 
2026-09-24 16:43:39 INFO  FCA_Test_Class:94 - User clicked on Continue Shopping 
2026-09-24 16:43:39 INFO  FCA_Test_Class:95 - Redirected to VDP Page
2026-09-24 16:43:54 INFO  FCA_Test_Class:103 - User closed on Initial PopUp 
2026-09-24 16:43:55 INFO  FCA_Test_Class:105 - User clicked on CASH TAB 
2026-09-24 16:43:55 INFO  FCA_Test_Class:107 - User clicked on OpenTest Drive section 
2026-09-24 16:43:55 INFO  FCA_Test_Class:109 - User clicked on CloseTest Drive section 
2026-09-24 16:43:56 INFO  FCA_Test_Class:111 - User clicked on Payment Calculator section 
2026-09-24 16:43:57 INFO  FCA_Test_Class:113 - User clicked on Continue 
2026-09-24 16:44:00 INFO  FCA_Test_Class:116 - User clicked on Closed Payment Calculator section 
2026-09-24 16:44:00 INFO  FCA_Test_Class:118 - User clicked on TradeIN section 
2026-09-24 16:44:00 INFO  FCA_Test_Class:120 - User clicked on Service & Protection section 
2026-09-24 16:44:00 INFO  FCA_Test_Class:122 - User clicked on Delivery Review & Submit section 
2026-09-24 16:44:00 INFO  FCA_Test_Class:123 - User Reached till DRS TAB
2026-09-24 16:46:58 INFO  FCA_Test_Class:16 - User Landed to FCA Certified Home Page
2026-09-24 16:46:58 INFO  FCA_Test_Class:19 - User clicked on Cookie Popup
2026-09-24 16:46:58 INFO  FCA_Test_Class:21 - User clicked on Zip Code Field
2026-09-24 16:46:58 INFO  FCA_Test_Class:23 - User entered the Zip Code
2026-09-24 16:46:59 INFO  FCA_Test_Class:25 - User clicked on Brand Logos
2026-09-24 16:47:04 INFO  FCA_Test_Class:27 - User clicked on Submit Button
2026-09-24 16:47:04 INFO  FCA_Test_Class:28 - Redirected to SNI Page
2026-09-24 16:48:27 INFO  FCA_Test_Class:16 - User Landed to FCA Certified Home Page
2026-09-24 16:48:27 INFO  FCA_Test_Class:19 - User clicked on Cookie Popup
2026-09-24 16:48:27 INFO  FCA_Test_Class:21 - User clicked on Zip Code Field
2026-09-24 16:48:27 INFO  FCA_Test_Class:23 - User entered the Zip Code
2026-09-24 16:48:27 INFO  FCA_Test_Class:25 - User clicked on Brand Logos
2026-09-24 16:48:33 INFO  FCA_Test_Class:27 - User clicked on Submit Button
2026-09-24 16:48:33 INFO  FCA_Test_Class:28 - Redirected to SNI Page
2026-09-24 16:48:33 INFO  FCA_Test_Class:37 - User clicked on Cookie Popup 
2026-09-24 16:48:33 INFO  FCA_Test_Class:39 - User clicked on GoCPOV checkbox 
2026-09-24 16:48:33 INFO  FCA_Test_Class:41 - User clicked on CPOV checkbox 
2026-09-24 16:48:33 INFO  FCA_Test_Class:43 - User clicked on GoCPOV checkbox 
2026-09-24 16:48:33 INFO  FCA_Test_Class:45 - User clicked on ZipCode Text Box 
2026-09-24 16:48:33 INFO  FCA_Test_Class:47 - User cleared the ZipCode 
2026-09-24 16:48:33 INFO  FCA_Test_Class:49 - User clicked on Enter the Zip Code 
2026-09-24 16:48:36 INFO  FCA_Test_Class:51 - User clicked on Update button to update the Zip Code 
2026-09-24 16:48:36 INFO  FCA_Test_Class:53 - User clicked on Partial Matches 
2026-09-24 16:48:36 INFO  FCA_Test_Class:55 - User clicked on Exact Matches 
2026-09-24 16:48:36 INFO  FCA_Test_Class:57 - User clicked on SortBy functionality 
2026-09-24 16:48:36 INFO  FCA_Test_Class:59 - User selected value 1 
2026-09-24 16:48:36 INFO  FCA_Test_Class:61 - User selected value 2 
2026-09-24 16:48:36 INFO  FCA_Test_Class:63 - User selected value 3 
2026-09-24 16:48:36 INFO  FCA_Test_Class:65 - User clicked on Open Dealer 
2026-09-24 16:48:40 INFO  FCA_Test_Class:68 - User clicked on Show All Dealer 
2026-09-24 16:48:40 INFO  FCA_Test_Class:70 - User clicked on Show Less Dealer 
2026-09-24 16:48:40 INFO  FCA_Test_Class:72 - User clicked on Dealer Checkbox 
2026-09-24 16:48:40 INFO  FCA_Test_Class:74 - User unchecked on Dealer Checkbox 
2026-09-24 16:48:40 INFO  FCA_Test_Class:76 - User clicked on Open Year section 
2026-09-24 16:48:43 INFO  FCA_Test_Class:79 - User clicked on Value1 
2026-09-24 16:48:43 INFO  FCA_Test_Class:81 - User clicked on Value2 
2026-09-24 16:48:43 INFO  FCA_Test_Class:83 - User clicked on Value3 
2026-09-24 16:48:43 INFO  FCA_Test_Class:85 - User clicked on Close Year 
2026-09-24 16:48:43 INFO  FCA_Test_Class:87 - User clicked on OpenDrive section 
2026-09-24 16:48:43 INFO  FCA_Test_Class:89 - User clicked on CloseDrive section 
2026-09-24 16:48:44 INFO  FCA_Test_Class:91 - User clicked on Reset Filter 
2026-09-24 16:48:46 INFO  FCA_Test_Class:94 - User clicked on Continue Shopping 
2026-09-24 16:48:46 INFO  FCA_Test_Class:95 - Redirected to VDP Page
2026-09-24 16:49:01 INFO  FCA_Test_Class:103 - User closed on Initial PopUp 
2026-09-24 16:49:02 INFO  FCA_Test_Class:105 - User clicked on CASH TAB 
2026-09-24 16:49:02 INFO  FCA_Test_Class:107 - User clicked on OpenTest Drive section 
2026-09-24 16:49:03 INFO  FCA_Test_Class:109 - User clicked on CloseTest Drive section 
2026-09-24 16:49:04 INFO  FCA_Test_Class:111 - User clicked on Payment Calculator section 
2026-09-24 16:49:04 INFO  FCA_Test_Class:113 - User clicked on Continue 
2026-09-24 16:49:07 INFO  FCA_Test_Class:116 - User clicked on Closed Payment Calculator section 
2026-09-24 16:49:07 INFO  FCA_Test_Class:118 - User clicked on TradeIN section 
2026-09-24 16:49:07 INFO  FCA_Test_Class:120 - User clicked on Service & Protection section 
2026-09-24 16:49:07 INFO  FCA_Test_Class:122 - User clicked on Delivery Review & Submit section 
2026-09-24 16:49:07 INFO  FCA_Test_Class:123 - User Reached till DRS TAB
2026-09-24 16:51:42 INFO  FCA_Test_Class:16 - User Landed to FCA Certified Home Page
2026-09-24 16:51:42 INFO  FCA_Test_Class:19 - User clicked on Cookie Popup
2026-09-24 16:51:43 INFO  FCA_Test_Class:21 - User clicked on Zip Code Field
2026-09-24 16:51:43 INFO  FCA_Test_Class:23 - User entered the Zip Code
2026-09-24 16:51:43 INFO  FCA_Test_Class:25 - User clicked on Brand Logos
2026-09-24 16:51:49 INFO  FCA_Test_Class:27 - User clicked on Submit Button
2026-09-24 16:51:49 INFO  FCA_Test_Class:28 - Redirected to SNI Page
2026-09-24 16:51:49 INFO  FCA_Test_Class:37 - User clicked on Cookie Popup 
2026-09-24 16:51:49 INFO  FCA_Test_Class:39 - User clicked on GoCPOV checkbox 
2026-09-24 16:51:49 INFO  FCA_Test_Class:41 - User clicked on CPOV checkbox 
2026-09-24 16:51:49 INFO  FCA_Test_Class:43 - User clicked on GoCPOV checkbox 
2026-09-24 16:51:49 INFO  FCA_Test_Class:45 - User clicked on ZipCode Text Box 
2026-09-24 16:51:49 INFO  FCA_Test_Class:47 - User cleared the ZipCode 
2026-09-24 16:51:49 INFO  FCA_Test_Class:49 - User clicked on Enter the Zip Code 
2026-09-24 16:51:51 INFO  FCA_Test_Class:51 - User clicked on Update button to update the Zip Code 
2026-09-24 16:51:51 INFO  FCA_Test_Class:53 - User clicked on Partial Matches 
2026-09-24 16:51:51 INFO  FCA_Test_Class:55 - User clicked on Exact Matches 
2026-09-24 16:51:51 INFO  FCA_Test_Class:57 - User clicked on SortBy functionality 
2026-09-24 16:51:51 INFO  FCA_Test_Class:59 - User selected value 1 
2026-09-24 16:51:51 INFO  FCA_Test_Class:61 - User selected value 2 
2026-09-24 16:51:51 INFO  FCA_Test_Class:63 - User selected value 3 
2026-09-24 16:51:51 INFO  FCA_Test_Class:65 - User clicked on Open Dealer 
2026-09-24 16:51:54 INFO  FCA_Test_Class:68 - User clicked on Show All Dealer 
2026-09-24 16:51:55 INFO  FCA_Test_Class:70 - User clicked on Show Less Dealer 
2026-09-24 16:51:55 INFO  FCA_Test_Class:72 - User clicked on Dealer Checkbox 
2026-09-24 16:51:55 INFO  FCA_Test_Class:74 - User unchecked on Dealer Checkbox 
2026-09-24 16:51:55 INFO  FCA_Test_Class:76 - User clicked on Open Year section 
2026-09-24 16:51:58 INFO  FCA_Test_Class:79 - User clicked on Value1 
2026-09-24 16:51:58 INFO  FCA_Test_Class:81 - User clicked on Value2 
2026-09-24 16:51:58 INFO  FCA_Test_Class:83 - User clicked on Value3 
2026-09-24 16:51:58 INFO  FCA_Test_Class:85 - User clicked on Close Year 
2026-09-24 16:51:58 INFO  FCA_Test_Class:87 - User clicked on OpenDrive section 
2026-09-24 16:51:59 INFO  FCA_Test_Class:89 - User clicked on CloseDrive section 
2026-09-24 16:51:59 INFO  FCA_Test_Class:91 - User clicked on Reset Filter 
2026-09-24 16:52:01 INFO  FCA_Test_Class:94 - User clicked on Continue Shopping 
2026-09-24 16:52:01 INFO  FCA_Test_Class:95 - Redirected to VDP Page
2026-09-24 16:52:15 INFO  FCA_Test_Class:103 - User closed on Initial PopUp 
2026-09-24 16:52:16 INFO  FCA_Test_Class:105 - User clicked on CASH TAB 
2026-09-24 16:52:16 INFO  FCA_Test_Class:107 - User clicked on OpenTest Drive section 
2026-09-24 16:52:16 INFO  FCA_Test_Class:109 - User clicked on CloseTest Drive section 
2026-09-24 16:52:17 INFO  FCA_Test_Class:111 - User clicked on Payment Calculator section 
2026-09-24 16:52:18 INFO  FCA_Test_Class:113 - User clicked on Continue 
2026-09-24 16:52:21 INFO  FCA_Test_Class:116 - User clicked on Closed Payment Calculator section 
2026-09-24 16:52:21 INFO  FCA_Test_Class:118 - User clicked on TradeIN section 
2026-09-24 16:52:21 INFO  FCA_Test_Class:120 - User clicked on Service & Protection section 
2026-09-24 16:52:21 INFO  FCA_Test_Class:122 - User clicked on Delivery Review & Submit section 
2026-09-24 16:52:21 INFO  FCA_Test_Class:123 - User Reached till DRS TAB
2026-09-24 23:01:35 INFO  FCA_Test_Class:16 - User Landed to FCA Certified Home Page
2026-09-24 23:01:35 INFO  FCA_Test_Class:19 - User clicked on Cookie Popup
2026-09-24 23:01:35 INFO  FCA_Test_Class:21 - User clicked on Zip Code Field
2026-09-24 23:01:35 INFO  FCA_Test_Class:23 - User entered the Zip Code
2026-09-24 23:01:36 INFO  FCA_Test_Class:25 - User clicked on Brand Logos
2026-09-24 23:01:43 INFO  FCA_Test_Class:27 - User clicked on Submit Button
2026-09-24 23:01:43 INFO  FCA_Test_Class:28 - Redirected to SNI Page
2026-09-24 23:01:44 INFO  FCA_Test_Class:37 - User clicked on Cookie Popup 
2026-09-24 23:01:44 INFO  FCA_Test_Class:39 - User clicked on GoCPOV checkbox 
2026-09-24 23:01:44 INFO  FCA_Test_Class:41 - User clicked on CPOV checkbox 
2026-09-24 23:01:44 INFO  FCA_Test_Class:43 - User clicked on GoCPOV checkbox 
2026-09-24 23:01:44 INFO  FCA_Test_Class:45 - User clicked on ZipCode Text Box 
2026-09-24 23:01:44 INFO  FCA_Test_Class:47 - User cleared the ZipCode 
2026-09-24 23:01:44 INFO  FCA_Test_Class:49 - User clicked on Enter the Zip Code 
2026-09-24 23:01:45 INFO  FCA_Test_Class:51 - User clicked on Update button to update the Zip Code 
2026-09-24 23:01:46 INFO  FCA_Test_Class:53 - User clicked on Partial Matches 
2026-09-24 23:01:46 INFO  FCA_Test_Class:55 - User clicked on Exact Matches 
2026-09-24 23:01:46 INFO  FCA_Test_Class:57 - User clicked on SortBy functionality 
2026-09-24 23:01:46 INFO  FCA_Test_Class:59 - User selected value 1 
2026-09-24 23:01:46 INFO  FCA_Test_Class:61 - User selected value 2 
2026-09-24 23:01:46 INFO  FCA_Test_Class:63 - User selected value 3 
2026-09-24 23:01:46 INFO  FCA_Test_Class:65 - User clicked on Open Dealer 
2026-09-24 23:01:49 INFO  FCA_Test_Class:68 - User clicked on Show All Dealer 
2026-09-24 23:01:49 INFO  FCA_Test_Class:70 - User clicked on Show Less Dealer 
2026-09-24 23:01:49 INFO  FCA_Test_Class:72 - User clicked on Dealer Checkbox 
2026-09-24 23:01:49 INFO  FCA_Test_Class:74 - User unchecked on Dealer Checkbox 
2026-09-24 23:01:50 INFO  FCA_Test_Class:76 - User clicked on Open Year section 
2026-09-24 23:01:53 INFO  FCA_Test_Class:79 - User clicked on Value1 
2026-09-24 23:01:53 INFO  FCA_Test_Class:81 - User clicked on Value2 
2026-09-24 23:01:53 INFO  FCA_Test_Class:83 - User clicked on Value3 
2026-09-24 23:01:53 INFO  FCA_Test_Class:85 - User clicked on Close Year 
2026-09-24 23:01:53 INFO  FCA_Test_Class:87 - User clicked on OpenDrive section 
2026-09-24 23:01:53 INFO  FCA_Test_Class:89 - User clicked on CloseDrive section 
2026-09-24 23:01:53 INFO  FCA_Test_Class:91 - User clicked on Reset Filter 
2026-09-24 23:01:55 INFO  FCA_Test_Class:94 - User clicked on Continue Shopping 
2026-09-24 23:01:55 INFO  FCA_Test_Class:95 - Redirected to VDP Page
2026-09-24 23:02:09 INFO  FCA_Test_Class:103 - User closed on Initial PopUp 
2026-09-24 23:02:10 INFO  FCA_Test_Class:105 - User clicked on CASH TAB 
2026-09-24 23:02:10 INFO  FCA_Test_Class:107 - User clicked on OpenTest Drive section 
2026-09-24 23:02:10 INFO  FCA_Test_Class:109 - User clicked on CloseTest Drive section 
2026-09-24 23:02:11 INFO  FCA_Test_Class:111 - User clicked on Payment Calculator section 
2026-09-24 23:02:12 INFO  FCA_Test_Class:113 - User clicked on Continue 
2026-09-24 23:02:15 INFO  FCA_Test_Class:116 - User clicked on Closed Payment Calculator section 
2026-09-24 23:02:15 INFO  FCA_Test_Class:118 - User clicked on TradeIN section 
2026-09-24 23:02:15 INFO  FCA_Test_Class:120 - User clicked on Service & Protection section 
2026-09-24 23:02:15 INFO  FCA_Test_Class:122 - User clicked on Delivery Review & Submit section 
2026-09-24 23:02:15 INFO  FCA_Test_Class:123 - User Reached till DRS TAB
2026-09-25 17:36:51 INFO  FCA_Test_Class:16 - User Landed to FCA Certified Home Page
2026-09-25 17:36:51 INFO  FCA_Test_Class:19 - User clicked on Cookie Popup
2026-09-25 17:36:52 INFO  FCA_Test_Class:21 - User clicked on Zip Code Field
2026-09-25 17:36:52 INFO  FCA_Test_Class:23 - User entered the Zip Code
2026-09-25 17:36:53 INFO  FCA_Test_Class:25 - User clicked on Brand Logos
2026-09-25 17:37:01 INFO  FCA_Test_Class:27 - User clicked on Submit Button
2026-09-25 17:37:01 INFO  FCA_Test_Class:28 - Redirected to SNI Page
2026-09-25 17:37:01 INFO  FCA_Test_Class:37 - User clicked on Cookie Popup 
2026-09-25 17:37:01 INFO  FCA_Test_Class:39 - User clicked on GoCPOV checkbox 
2026-09-25 17:37:01 INFO  FCA_Test_Class:41 - User clicked on CPOV checkbox 
2026-09-25 17:37:02 INFO  FCA_Test_Class:43 - User clicked on GoCPOV checkbox 
2026-09-25 17:37:02 INFO  FCA_Test_Class:45 - User clicked on ZipCode Text Box 
2026-09-25 17:37:02 INFO  FCA_Test_Class:47 - User cleared the ZipCode 
2026-09-25 17:37:02 INFO  FCA_Test_Class:49 - User clicked on Enter the Zip Code 
2026-09-25 17:37:04 INFO  FCA_Test_Class:51 - User clicked on Update button to update the Zip Code 
2026-09-25 17:37:04 INFO  FCA_Test_Class:53 - User clicked on Partial Matches 
2026-09-25 17:37:04 INFO  FCA_Test_Class:55 - User clicked on Exact Matches 
2026-09-25 17:37:04 INFO  FCA_Test_Class:57 - User clicked on SortBy functionality 
2026-09-25 17:37:04 INFO  FCA_Test_Class:59 - User selected value 1 
2026-09-25 17:37:04 INFO  FCA_Test_Class:61 - User selected value 2 
2026-09-25 17:37:04 INFO  FCA_Test_Class:63 - User selected value 3 
2026-09-25 17:37:05 INFO  FCA_Test_Class:65 - User clicked on Open Dealer 
2026-09-25 17:37:08 INFO  FCA_Test_Class:68 - User clicked on Show All Dealer 
2026-09-25 17:37:08 INFO  FCA_Test_Class:70 - User clicked on Show Less Dealer 
2026-09-25 17:37:08 INFO  FCA_Test_Class:72 - User clicked on Dealer Checkbox 
2026-09-25 17:37:08 INFO  FCA_Test_Class:74 - User unchecked on Dealer Checkbox 
2026-09-25 17:37:08 INFO  FCA_Test_Class:76 - User clicked on Open Year section 
2026-09-25 17:37:12 INFO  FCA_Test_Class:79 - User clicked on Value1 
2026-09-25 17:37:12 INFO  FCA_Test_Class:81 - User clicked on Value2 
2026-09-25 17:37:12 INFO  FCA_Test_Class:83 - User clicked on Value3 
2026-09-25 17:37:12 INFO  FCA_Test_Class:85 - User clicked on Close Year 
2026-09-25 17:37:12 INFO  FCA_Test_Class:87 - User clicked on OpenDrive section 
2026-09-25 17:37:12 INFO  FCA_Test_Class:89 - User clicked on CloseDrive section 
2026-09-25 17:37:13 INFO  FCA_Test_Class:91 - User clicked on Reset Filter 
2026-09-25 17:37:15 INFO  FCA_Test_Class:94 - User clicked on Continue Shopping 
2026-09-25 17:37:15 INFO  FCA_Test_Class:95 - Redirected to VDP Page
2026-09-25 17:37:30 INFO  FCA_Test_Class:103 - User closed on Initial PopUp 
2026-09-25 17:37:30 INFO  FCA_Test_Class:105 - User clicked on CASH TAB 
2026-09-25 17:37:30 INFO  FCA_Test_Class:107 - User clicked on OpenTest Drive section 
2026-09-25 17:37:31 INFO  FCA_Test_Class:109 - User clicked on CloseTest Drive section 
2026-09-25 17:37:31 INFO  FCA_Test_Class:111 - User clicked on Payment Calculator section 
2026-09-25 17:37:32 INFO  FCA_Test_Class:113 - User clicked on Continue 
2026-09-25 17:37:35 INFO  FCA_Test_Class:116 - User clicked on Closed Payment Calculator section 
2026-09-25 17:37:35 INFO  FCA_Test_Class:118 - User clicked on TradeIN section 
2026-09-25 17:37:36 INFO  FCA_Test_Class:120 - User clicked on Service & Protection section 
2026-09-25 17:37:36 INFO  FCA_Test_Class:122 - User clicked on Delivery Review & Submit section 
2026-09-25 17:37:36 INFO  FCA_Test_Class:123 - User Reached till DRS TAB
2026-09-25 17:40:53 INFO  FCA_Test_Class:16 - User Landed to FCA Certified Home Page
2026-09-25 17:40:53 INFO  FCA_Test_Class:19 - User clicked on Cookie Popup
2026-09-25 17:40:54 INFO  FCA_Test_Class:21 - User clicked on Zip Code Field
2026-09-25 17:40:54 INFO  FCA_Test_Class:23 - User entered the Zip Code
2026-09-25 17:40:55 INFO  FCA_Test_Class:25 - User clicked on Brand Logos
2026-09-25 17:41:03 INFO  FCA_Test_Class:27 - User clicked on Submit Button
2026-09-25 17:41:03 INFO  FCA_Test_Class:28 - Redirected to SNI Page
2026-09-25 17:41:04 INFO  FCA_Test_Class:37 - User clicked on Cookie Popup 
2026-09-25 17:41:04 INFO  FCA_Test_Class:39 - User clicked on GoCPOV checkbox 
2026-09-25 17:41:04 INFO  FCA_Test_Class:41 - User clicked on CPOV checkbox 
2026-09-25 17:41:04 INFO  FCA_Test_Class:43 - User clicked on GoCPOV checkbox 
2026-09-25 17:41:04 INFO  FCA_Test_Class:45 - User clicked on ZipCode Text Box 
2026-09-25 17:41:04 INFO  FCA_Test_Class:47 - User cleared the ZipCode 
2026-09-25 17:41:04 INFO  FCA_Test_Class:49 - User clicked on Enter the Zip Code 
2026-09-25 17:41:06 INFO  FCA_Test_Class:51 - User clicked on Update button to update the Zip Code 
2026-09-25 17:41:07 INFO  FCA_Test_Class:53 - User clicked on Partial Matches 
2026-09-25 17:41:07 INFO  FCA_Test_Class:55 - User clicked on Exact Matches 
2026-09-25 17:41:07 INFO  FCA_Test_Class:57 - User clicked on SortBy functionality 
2026-09-25 17:41:07 INFO  FCA_Test_Class:59 - User selected value 1 
2026-09-25 17:41:08 INFO  FCA_Test_Class:61 - User selected value 2 
2026-09-25 17:41:08 INFO  FCA_Test_Class:63 - User selected value 3 
2026-09-25 17:41:08 INFO  FCA_Test_Class:65 - User clicked on Open Dealer 
2026-09-25 17:41:11 INFO  FCA_Test_Class:68 - User clicked on Show All Dealer 
2026-09-25 17:41:11 INFO  FCA_Test_Class:70 - User clicked on Show Less Dealer 
2026-09-25 17:41:11 INFO  FCA_Test_Class:72 - User clicked on Dealer Checkbox 
2026-09-25 17:41:11 INFO  FCA_Test_Class:74 - User unchecked on Dealer Checkbox 
2026-09-25 17:41:12 INFO  FCA_Test_Class:76 - User clicked on Open Year section 
2026-09-25 17:41:15 INFO  FCA_Test_Class:79 - User clicked on Value1 
2026-09-25 17:41:15 INFO  FCA_Test_Class:81 - User clicked on Value2 
2026-09-25 17:41:15 INFO  FCA_Test_Class:83 - User clicked on Value3 
2026-09-25 17:41:15 INFO  FCA_Test_Class:85 - User clicked on Close Year 
2026-09-25 17:41:15 INFO  FCA_Test_Class:87 - User clicked on OpenDrive section 
2026-09-25 17:41:16 INFO  FCA_Test_Class:89 - User clicked on CloseDrive section 
2026-09-25 17:41:16 INFO  FCA_Test_Class:91 - User clicked on Reset Filter 
2026-09-25 17:41:18 INFO  FCA_Test_Class:94 - User clicked on Continue Shopping 
2026-09-25 17:41:18 INFO  FCA_Test_Class:95 - Redirected to VDP Page
2026-09-25 17:41:32 INFO  FCA_Test_Class:103 - User closed on Initial PopUp 
2026-09-25 17:41:32 INFO  FCA_Test_Class:105 - User clicked on CASH TAB 
2026-09-25 17:41:33 INFO  FCA_Test_Class:107 - User clicked on OpenTest Drive section 
2026-09-25 17:41:33 INFO  FCA_Test_Class:109 - User clicked on CloseTest Drive section 
2026-09-25 17:41:34 INFO  FCA_Test_Class:111 - User clicked on Payment Calculator section 
2026-09-25 17:41:34 INFO  FCA_Test_Class:113 - User clicked on Continue 
2026-09-25 17:41:37 INFO  FCA_Test_Class:116 - User clicked on Closed Payment Calculator section 
2026-09-25 17:41:38 INFO  FCA_Test_Class:118 - User clicked on TradeIN section 
2026-09-25 17:41:38 INFO  FCA_Test_Class:120 - User clicked on Service & Protection section 
2026-09-25 17:41:38 INFO  FCA_Test_Class:122 - User clicked on Delivery Review & Submit section 
2026-09-25 17:41:38 INFO  FCA_Test_Class:123 - User Reached till DRS TAB
2026-09-25 17:44:30 INFO  FCA_Test_Class:16 - User Landed to FCA Certified Home Page
2026-09-25 17:44:31 INFO  FCA_Test_Class:19 - User clicked on Cookie Popup
2026-09-25 17:44:31 INFO  FCA_Test_Class:21 - User clicked on Zip Code Field
2026-09-25 17:44:31 INFO  FCA_Test_Class:23 - User entered the Zip Code
2026-09-25 17:44:31 INFO  FCA_Test_Class:25 - User clicked on Brand Logos
2026-09-25 17:44:38 INFO  FCA_Test_Class:27 - User clicked on Submit Button
2026-09-25 17:44:38 INFO  FCA_Test_Class:28 - Redirected to SNI Page
2026-09-25 17:44:38 INFO  FCA_Test_Class:37 - User clicked on Cookie Popup 
2026-09-25 17:44:38 INFO  FCA_Test_Class:39 - User clicked on GoCPOV checkbox 
2026-09-25 17:44:39 INFO  FCA_Test_Class:41 - User clicked on CPOV checkbox 
2026-09-25 17:44:39 INFO  FCA_Test_Class:43 - User clicked on GoCPOV checkbox 
2026-09-25 17:44:39 INFO  FCA_Test_Class:45 - User clicked on ZipCode Text Box 
2026-09-25 17:44:39 INFO  FCA_Test_Class:47 - User cleared the ZipCode 
2026-09-25 17:44:39 INFO  FCA_Test_Class:49 - User clicked on Enter the Zip Code 
2026-09-25 17:44:41 INFO  FCA_Test_Class:51 - User clicked on Update button to update the Zip Code 
2026-09-25 17:44:41 INFO  FCA_Test_Class:53 - User clicked on Partial Matches 
2026-09-25 17:44:41 INFO  FCA_Test_Class:55 - User clicked on Exact Matches 
2026-09-25 17:44:41 INFO  FCA_Test_Class:57 - User clicked on SortBy functionality 
2026-09-25 17:44:41 INFO  FCA_Test_Class:59 - User selected value 1 
2026-09-25 17:44:42 INFO  FCA_Test_Class:61 - User selected value 2 
2026-09-25 17:44:42 INFO  FCA_Test_Class:63 - User selected value 3 
2026-09-25 17:44:42 INFO  FCA_Test_Class:65 - User clicked on Open Dealer 
2026-09-25 17:44:45 INFO  FCA_Test_Class:68 - User clicked on Show All Dealer 
2026-09-25 17:44:45 INFO  FCA_Test_Class:70 - User clicked on Show Less Dealer 
2026-09-25 17:44:45 INFO  FCA_Test_Class:72 - User clicked on Dealer Checkbox 
2026-09-25 17:44:45 INFO  FCA_Test_Class:74 - User unchecked on Dealer Checkbox 
2026-09-25 17:44:46 INFO  FCA_Test_Class:76 - User clicked on Open Year section 
2026-09-25 17:44:49 INFO  FCA_Test_Class:79 - User clicked on Value1 
2026-09-25 17:44:49 INFO  FCA_Test_Class:81 - User clicked on Value2 
2026-09-25 17:44:49 INFO  FCA_Test_Class:83 - User clicked on Value3 
2026-09-25 17:44:49 INFO  FCA_Test_Class:85 - User clicked on Close Year 
2026-09-25 17:44:50 INFO  FCA_Test_Class:87 - User clicked on OpenDrive section 
2026-09-25 17:44:50 INFO  FCA_Test_Class:89 - User clicked on CloseDrive section 
2026-09-25 17:44:50 INFO  FCA_Test_Class:91 - User clicked on Reset Filter 
2026-09-25 17:44:52 INFO  FCA_Test_Class:94 - User clicked on Continue Shopping 
2026-09-25 17:44:52 INFO  FCA_Test_Class:95 - Redirected to VDP Page
2026-09-25 17:45:07 INFO  FCA_Test_Class:103 - User closed on Initial PopUp 
2026-09-25 17:45:08 INFO  FCA_Test_Class:105 - User clicked on CASH TAB 
2026-09-25 17:45:08 INFO  FCA_Test_Class:107 - User clicked on OpenTest Drive section 
2026-09-25 17:45:09 INFO  FCA_Test_Class:109 - User clicked on CloseTest Drive section 
2026-09-25 17:45:10 INFO  FCA_Test_Class:111 - User clicked on Payment Calculator section 
2026-09-25 17:45:10 INFO  FCA_Test_Class:113 - User clicked on Continue 
2026-09-25 17:45:13 INFO  FCA_Test_Class:116 - User clicked on Closed Payment Calculator section 
2026-09-25 17:45:14 INFO  FCA_Test_Class:118 - User clicked on TradeIN section 
2026-09-25 17:45:14 INFO  FCA_Test_Class:120 - User clicked on Service & Protection section 
2026-09-25 17:45:14 INFO  FCA_Test_Class:122 - User clicked on Delivery Review & Submit section 
2026-09-25 17:45:14 INFO  FCA_Test_Class:123 - User Reached till DRS TAB
2026-09-25 17:47:55 INFO  FCA_Test_Class:16 - User Landed to FCA Certified Home Page
2026-09-25 17:47:55 INFO  FCA_Test_Class:19 - User clicked on Cookie Popup
2026-09-25 17:47:55 INFO  FCA_Test_Class:21 - User clicked on Zip Code Field
2026-09-25 17:47:55 INFO  FCA_Test_Class:23 - User entered the Zip Code
2026-09-25 17:47:55 INFO  FCA_Test_Class:25 - User clicked on Brand Logos
2026-09-25 17:48:07 INFO  FCA_Test_Class:27 - User clicked on Submit Button
2026-09-25 17:48:07 INFO  FCA_Test_Class:28 - Redirected to SNI Page
2026-09-25 17:48:07 INFO  FCA_Test_Class:37 - User clicked on Cookie Popup 
2026-09-25 17:48:08 INFO  FCA_Test_Class:39 - User clicked on GoCPOV checkbox 
2026-09-25 17:48:08 INFO  FCA_Test_Class:41 - User clicked on CPOV checkbox 
2026-09-25 17:48:08 INFO  FCA_Test_Class:43 - User clicked on GoCPOV checkbox 
2026-09-25 17:48:08 INFO  FCA_Test_Class:45 - User clicked on ZipCode Text Box 
2026-09-25 17:48:08 INFO  FCA_Test_Class:47 - User cleared the ZipCode 
2026-09-25 17:48:08 INFO  FCA_Test_Class:49 - User clicked on Enter the Zip Code 
2026-09-25 17:48:10 INFO  FCA_Test_Class:51 - User clicked on Update button to update the Zip Code 
2026-09-25 17:48:10 INFO  FCA_Test_Class:53 - User clicked on Partial Matches 
2026-09-25 17:48:10 INFO  FCA_Test_Class:55 - User clicked on Exact Matches 
2026-09-25 17:48:11 INFO  FCA_Test_Class:57 - User clicked on SortBy functionality 
2026-09-25 17:48:11 INFO  FCA_Test_Class:59 - User selected value 1 
2026-09-25 17:48:11 INFO  FCA_Test_Class:61 - User selected value 2 
2026-09-25 17:48:11 INFO  FCA_Test_Class:63 - User selected value 3 
2026-09-25 17:48:11 INFO  FCA_Test_Class:65 - User clicked on Open Dealer 
2026-09-25 17:48:14 INFO  FCA_Test_Class:68 - User clicked on Show All Dealer 
2026-09-25 17:48:14 INFO  FCA_Test_Class:70 - User clicked on Show Less Dealer 
2026-09-25 17:48:14 INFO  FCA_Test_Class:72 - User clicked on Dealer Checkbox 
2026-09-25 17:48:15 INFO  FCA_Test_Class:74 - User unchecked on Dealer Checkbox 
2026-09-25 17:48:15 INFO  FCA_Test_Class:76 - User clicked on Open Year section 
2026-09-25 17:48:18 INFO  FCA_Test_Class:79 - User clicked on Value1 
2026-09-25 17:48:18 INFO  FCA_Test_Class:81 - User clicked on Value2 
2026-09-25 17:48:18 INFO  FCA_Test_Class:83 - User clicked on Value3 
2026-09-25 17:48:19 INFO  FCA_Test_Class:85 - User clicked on Close Year 
2026-09-25 17:48:19 INFO  FCA_Test_Class:87 - User clicked on OpenDrive section 
2026-09-25 17:48:19 INFO  FCA_Test_Class:89 - User clicked on CloseDrive section 
2026-09-25 17:48:19 INFO  FCA_Test_Class:91 - User clicked on Reset Filter 
2026-09-25 17:48:21 INFO  FCA_Test_Class:94 - User clicked on Continue Shopping 
2026-09-25 17:48:21 INFO  FCA_Test_Class:95 - Redirected to VDP Page
2026-09-25 17:48:36 INFO  FCA_Test_Class:103 - User closed on Initial PopUp 
2026-09-25 17:48:36 INFO  FCA_Test_Class:105 - User clicked on CASH TAB 
2026-09-25 17:48:37 INFO  FCA_Test_Class:107 - User clicked on OpenTest Drive section 
2026-09-25 17:48:37 INFO  FCA_Test_Class:109 - User clicked on CloseTest Drive section 
2026-09-25 17:48:37 INFO  FCA_Test_Class:111 - User clicked on Payment Calculator section 
2026-09-25 17:48:38 INFO  FCA_Test_Class:113 - User clicked on Continue 
2026-09-25 17:48:41 INFO  FCA_Test_Class:116 - User clicked on Closed Payment Calculator section 
2026-09-25 17:48:41 INFO  FCA_Test_Class:118 - User clicked on TradeIN section 
2026-09-25 17:48:41 INFO  FCA_Test_Class:120 - User clicked on Service & Protection section 
2026-09-25 17:48:42 INFO  FCA_Test_Class:122 - User clicked on Delivery Review & Submit section 
2026-09-25 17:48:42 INFO  FCA_Test_Class:123 - User Reached till DRS TAB
